Sample Accession,Age
SAMN03283266,32.0
SAMN03283281,52.0
SAMN03283255,32.0
SAMN03283260,35.0
SAMN03283250,37.0
SAMN03283249,23.0
SAMN03283285,21.0
SAMN03283253,28.0
SAMN03283284,30.0
SAMN03283240,36.0
SAMN03283251,40.0
SAMN03283254,28.0
SAMN03283256,34.0
SAMN03283258,26.0
SAMN03283272,25.0
SAMN03283252,26.0
SAMN03283268,23.0
SAMEA3136769,73.0
SAMEA3136768,77.0
SAMEA3136740,56.0
SAMEA3136765,86.0
SAMEA3136739,45.0
SAMEA3136764,66.0
SAMEA3136763,43.0
SAMEA3136738,65.0
SAMEA3136737,55.0
SAMEA3136736,77.0
SAMEA3136735,72.0
SAMEA3136734,64.0
SAMEA3136733,72.0
SAMEA3136762,72.0
SAMEA3136761,74.0
SAMEA3136760,73.0
SAMEA3136759,52.0
SAMEA3136732,47.0
SAMEA3136758,63.0
SAMEA3136757,79.0
SAMEA3136756,74.0
SAMEA3136755,60.0
SAMEA3136731,72.0
SAMEA3136730,72.0
SAMEA3136729,52.0
SAMEA3136754,84.0
SAMEA3136753,54.0
SAMEA3136752,58.0
SAMEA3136728,84.0
SAMEA3136751,65.0
SAMEA3136750,72.0
SAMEA3136749,64.0
SAMEA3136727,74.0
SAMEA3136748,64.0
SAMEA3136747,67.0
SAMEA3136746,77.0
SAMEA3136767,71.0
SAMEA3136745,65.0
SAMEA3136726,73.0
SAMEA3136744,69.0
SAMEA3136725,60.0
SAMEA3136743,82.0
SAMEA3136742,46.0
SAMEA3136724,84.0
SAMEA3136766,68.0
SAMEA3136741,63.0
SAMN06110407,33.0
SAMN06110462,20.0
SAMN06110261,18.0
SAMN06110315,29.0
SAMN06110010,19.0
SAMN06110290,26.0
SAMN06110361,23.0
SAMN06110187,20.0
SAMN06110121,19.0
SAMN06110331,23.0
SAMN06110228,63.0
SAMN06110431,21.0
SAMN06110044,18.0
SAMN06110363,23.0
SAMN06110321,21.0
SAMN06110045,20.0
SAMN06110123,20.0
SAMN06110221,21.0
SAMN06110185,24.0
SAMN06110292,23.0
SAMN06110188,28.0
SAMN06110384,25.0
SAMN06110132,20.0
SAMN06110447,19.0
SAMN06110091,19.0
SAMN06110020,61.0
SAMN06110201,19.0
SAMN06110210,26.0
SAMN06110178,20.0
SAMN06110347,20.0
SAMN06110424,22.0
SAMN06110370,21.0
SAMN06110167,25.0
SAMN06110409,24.0
SAMN06110195,26.0
SAMN06110467,22.0
SAMN06110318,21.0
SAMN06110171,24.0
SAMN06110079,22.0
SAMN06110401,21.0
SAMN06110299,21.0
SAMN06110001,24.0
SAMN06110404,25.0
SAMN06110468,21.0
SAMN06110394,20.0
SAMN06110336,21.0
SAMN06110180,21.0
SAMN06110301,25.0
SAMN06110459,22.0
SAMN06110325,32.0
SAMN06110166,23.0
SAMN06110398,22.0
SAMN06110057,22.0
SAMN06110170,25.0
SAMN06110353,62.0
SAMN06110438,21.0
SAMN06110006,26.0
SAMN06110387,29.0
SAMN06110126,26.0
SAMN06110208,23.0
SAMN06110346,59.0
SAMN06110433,27.0
SAMN06110385,19.0
SAMN06110099,19.0
SAMN06110168,20.0
SAMN06110445,19.0
SAMN06110153,21.0
SAMN06110056,22.0
SAMN06110224,19.0
SAMN06110038,19.0
SAMN06110200,20.0
SAMN06110082,21.0
SAMN06110366,24.0
SAMN06110206,25.0
SAMN06110414,23.0
SAMN06110316,22.0
SAMN06110234,20.0
SAMN06110399,22.0
SAMN06110295,21.0
SAMN06110156,23.0
SAMN06110372,22.0
SAMN06110053,24.0
SAMN06110137,23.0
SAMN06110312,24.0
SAMN06110357,23.0
SAMN06110216,22.0
SAMN06110440,49.0
SAMN06110124,23.0
SAMN06110307,29.0
SAMN06110430,19.0
SAMN06110437,24.0
SAMN06110136,26.0
SAMN06110326,52.0
SAMN06110249,18.0
SAMN06110110,22.0
SAMN06110134,24.0
SAMN06110119,21.0
SAMN06110275,24.0
SAMN06110193,40.0
SAMN06110365,22.0
SAMN06110229,28.0
SAMN06110235,20.0
SAMN06110335,28.0
SAMN06110122,21.0
SAMN06110338,25.0
SAMN06110007,33.0
SAMN06110143,20.0
SAMN06110257,23.0
SAMN06110405,23.0
SAMN06110253,20.0
SAMN06110273,23.0
SAMN06110092,26.0
SAMN06110144,65.0
SAMN06110014,23.0
SAMN06110222,25.0
SAMN06110240,25.0
SAMN06110227,26.0
SAMN06110205,20.0
SAMN06110093,24.0
SAMN06109999,23.0
SAMN06110146,23.0
SAMN06110374,22.0
SAMN06110028,20.0
SAMN06110218,19.0
SAMN06110034,26.0
SAMN06110243,19.0
SAMN06110172,21.0
SAMN06110189,20.0
SAMN06110117,22.0
SAMN06110270,61.0
SAMN06110104,26.0
SAMN06110090,27.0
SAMN06110330,26.0
SAMN06110463,20.0
SAMN06110342,68.0
SAMN06110421,24.0
SAMN06110120,33.0
SAMN06110389,22.0
SAMN06110151,21.0
SAMN06110429,21.0
SAMN06110419,19.0
SAMN06110274,21.0
SAMN06110283,22.0
SAMN06110364,18.0
SAMN06110277,26.0
SAMN06110334,26.0
SAMN06110212,20.0
SAMN06110265,21.0
SAMN06110408,24.0
SAMN06110285,25.0
SAMN06110452,18.0
SAMN06110071,29.0
SAMN06110378,26.0
SAMN06110246,18.0
SAMN06110233,22.0
SAMN06110160,21.0
SAMN06110416,34.0
SAMN06110050,26.0
SAMN06110047,24.0
SAMN06110373,23.0
SAMN06110259,20.0
SAMN06110061,27.0
SAMN06110308,21.0
SAMN06110019,22.0
SAMN06110012,22.0
SAMN06110254,20.0
SAMN06110108,31.0
SAMN06110247,24.0
SAMN06110127,24.0
SAMN06110436,19.0
SAMN06110258,21.0
SAMN06110016,22.0
SAMN06110244,24.0
SAMN06110242,22.0
SAMN06110052,20.0
SAMN06110191,21.0
SAMN06110320,25.0
SAMN06110418,25.0
SAMN06110263,23.0
SAMN06110220,20.0
SAMN06110198,18.0
SAMN06110070,53.0
SAMN06110138,23.0
SAMN06110323,18.0
SAMN06110075,27.0
SAMN06110245,23.0
SAMN06110114,27.0
SAMN06110089,18.0
SAMN06110457,25.0
SAMN06110087,69.0
SAMN06110395,25.0
SAMN06110175,58.0
SAMN06110111,20.0
SAMN06110271,21.0
SAMN06110041,25.0
SAMN06110140,24.0
SAMN06110443,22.0
SAMN06110199,23.0
SAMN06110425,21.0
SAMN06110049,27.0
SAMN06110155,24.0
SAMN06110131,28.0
SAMN06110461,23.0
SAMN06110350,30.0
SAMN06110305,21.0
SAMN06110112,19.0
SAMN06110322,23.0
SAMN06110162,19.0
SAMN06110460,24.0
SAMN06110009,19.0
SAMN06110102,23.0
SAMN06110072,23.0
SAMN06110298,24.0
SAMN06110085,23.0
SAMN06110369,27.0
SAMN06110332,21.0
SAMN06110360,23.0
SAMN06110376,22.0
SAMN06110266,20.0
SAMN06110179,24.0
SAMN06110086,49.0
SAMN06110351,23.0
SAMN06110107,19.0
SAMN06110294,32.0
SAMN06110021,20.0
SAMN06110015,19.0
SAMN06110231,18.0
SAMN06110215,21.0
SAMN06110017,20.0
SAMN06110064,21.0
SAMN06110211,26.0
SAMN06110068,28.0
SAMN06110359,19.0
SAMN06110037,19.0
SAMN06110169,27.0
SAMN06110306,26.0
SAMN06110319,52.0
SAMN06110109,19.0
SAMN06110051,24.0
SAMN06110081,26.0
SAMN06110129,24.0
SAMN06110397,20.0
SAMN06110042,21.0
SAMN06110182,28.0
SAMN06110314,21.0
SAMN06110003,23.0
SAMN06110238,19.0
SAMN06110415,37.0
SAMN06110054,25.0
SAMN06110309,39.0
SAMN06110403,22.0
SAMN06110286,20.0
SAMN06110287,24.0
SAMN06110116,20.0
SAMN06110241,19.0
SAMN06110337,19.0
SAMN06110133,24.0
SAMN06110324,20.0
SAMN06110142,22.0
SAMN06110267,33.0
SAMN06110046,24.0
SAMN06110434,24.0
SAMN06110393,20.0
SAMN06110392,23.0
SAMN06110420,26.0
SAMN06110413,33.0
SAMN06110026,23.0
SAMN06110450,64.0
SAMN06110311,24.0
SAMN06110148,50.0
SAMN06110297,24.0
SAMN06110158,21.0
SAMN06110096,20.0
SAMN06110400,24.0
SAMN06110058,26.0
SAMN06110161,23.0
SAMN06110439,24.0
SAMN06110406,24.0
SAMN06110262,22.0
SAMN06110260,28.0
SAMN06110252,23.0
SAMN06110000,23.0
SAMN06110113,20.0
SAMN06110066,32.0
SAMN06110213,22.0
SAMN06110428,19.0
SAMN06110196,20.0
SAMN06110289,27.0
SAMN06110073,25.0
SAMN06110055,23.0
SAMN06110426,21.0
SAMN06110328,33.0
SAMN06110380,20.0
SAMN06110412,19.0
SAMN06110354,19.0
SAMN06110164,22.0
SAMN06110005,45.0
SAMN06110382,21.0
SAMN06110040,23.0
SAMN06110276,26.0
SAMN06110239,21.0
SAMN06110442,69.0
SAMN06110118,21.0
SAMN06110022,22.0
SAMN06110048,20.0
SAMN06110083,30.0
SAMN06110411,24.0
SAMN06110033,20.0
SAMN06110095,23.0
SAMN06110310,23.0
SAMN06110288,19.0
SAMN06110152,26.0
SAMN06110067,63.0
SAMN06110018,27.0
SAMN06110115,21.0
SAMN06110278,27.0
SAMN06110088,23.0
SAMN06110352,51.0
SAMN06110106,21.0
SAMN06110203,26.0
SAMN06110139,23.0
SAMN06110446,55.0
SAMN06110304,25.0
SAMN06110062,30.0
SAMN06110333,29.0
SAMN06110268,48.0
SAMN06110230,25.0
SAMN06110282,25.0
SAMN06110183,22.0
SAMN06110454,48.0
SAMN06110002,22.0
SAMN06110248,21.0
SAMN06110145,36.0
SAMN06110097,19.0
SAMN06110329,61.0
SAMN06110027,27.0
SAMN06110029,19.0
SAMN06110141,23.0
SAMN06110391,18.0
SAMN06110345,24.0
SAMN06110237,40.0
SAMN06110256,50.0
SAMN06110069,56.0
SAMN06110101,21.0
SAMN06110264,28.0
SAMN06110303,22.0
SAMN06110078,25.0
SAMN06110204,22.0
SAMN06110348,69.0
SAMN06110163,21.0
SAMN06110344,56.0
SAMN06110453,66.0
SAMN06110008,19.0
SAMN06110410,65.0
SAMN06110340,18.0
SAMN06110177,66.0
SAMN06110251,32.0
SAMN06110293,24.0
SAMN06110024,19.0
SAMN06110184,22.0
SAMN06110023,20.0
SAMN06110065,24.0
SAMN06110031,19.0
SAMN06110422,20.0
SAMN06110149,19.0
SAMN06110035,21.0
SAMN06110190,30.0
SAMN06110059,23.0
SAMN06110386,21.0
SAMN06110060,69.0
SAMN06110030,23.0
SAMN06110074,23.0
SAMN06110011,22.0
SAMN06110084,27.0
SAMN06110349,58.0
SAMN06110388,21.0
SAMN06110466,27.0
SAMN06110165,22.0
SAMN06110435,20.0
SAMEA2737729,26.0
SAMEA2737864,27.0
SAMEA2737720,26.0
SAMEA2737771,28.0
SAMEA2737841,50.0
SAMEA2737806,54.0
SAMEA2737858,19.0
SAMEA2737754,52.0
SAMEA2737813,36.0
SAMEA2737707,36.0
SAMEA2737861,24.0
SAMEA2737856,24.0
SAMEA2737873,23.0
SAMEA2737844,25.0
SAMEA2737816,38.0
SAMEA2737723,47.0
SAMEA2737825,52.0
SAMEA2737853,42.0
SAMEA2737799,40.0
SAMEA2737797,48.0
SAMEA2737830,45.0
SAMEA2737850,48.0
SAMEA2737831,41.0
SAMEA2737823,46.0
SAMEA2737693,38.0
SAMEA2737867,38.0
SAMEA2737818,34.0
SAMEA2737790,38.0
SAMEA2737832,40.0
SAMEA2737807,58.0
SAMEA2737803,53.0
SAMEA2737681,40.0
SAMEA2737874,57.0
SAMEA2737872,48.0
SAMEA2737795,44.0
SAMEA2737815,43.0
SAMEA2737876,38.0
SAMEA2737686,42.0
SAMEA2737734,34.0
SAMEA2737866,47.0
SAMEA2737802,46.0
SAMEA2737798,46.0
SAMEA2737877,39.0
SAMEA2737860,52.0
SAMEA2737878,42.0
SAMEA2737870,41.0
SAMEA2737766,54.0
SAMEA2737789,39.0
SAMEA2737801,45.0
SAMEA2737810,48.0
SAMEA2737793,32.0
SAMEA2737862,28.0
SAMEA2737759,43.0
SAMEA2737869,57.0
SAMEA2737834,44.0
SAMEA2737800,42.0
SAMEA2737817,46.0
SAMEA2737814,54.0
SAMEA2737738,36.0
SAMEA2737683,48.0
SAMEA2737746,41.0
SAMEA2737848,53.0
SAMEA2737742,34.0
SAMEA2737715,50.0
SAMEA2737696,27.0
SAMEA2737670,51.0
SAMEA2737687,57.0
SAMEA2737725,57.0
SAMEA2737718,49.0
SAMEA2737749,54.0
SAMEA2737785,54.0
SAMEA2737772,24.0
SAMEA2737701,53.0
SAMEA2737713,65.0
SAMEA2737689,44.0
SAMEA2737764,46.0
SAMEA2737776,59.0
SAMEA2737691,43.0
SAMEA2737769,58.0
SAMEA2737737,49.0
SAMEA2737774,67.0
SAMEA2737706,61.0
SAMEA2737732,41.0
SAMEA2737669,37.0
SAMEA2737745,39.0
SAMEA2737674,61.0
SAMEA2737781,48.0
SAMEA2737751,64.0
SAMEA2737836,42.0
SAMEA2737652,59.0
SAMEA2737875,48.0
SAMEA2737717,59.0
SAMEA2737672,64.0
SAMEA2737721,55.0
SAMEA2737710,57.0
SAMEA2737779,56.0
SAMEA2737680,27.0
SAMEA2737702,59.0
SAMEA2737741,34.0
SAMEA2737685,58.0
SAMEA2737761,48.0
SAMEA2737756,46.0
SAMEA2737791,57.0
SAMEA2737728,44.0
SAMEA2737699,56.0
SAMEA2737762,46.0
SAMEA2737697,66.0
SAMEA2737859,45.0
SAMEA2737682,44.0
SAMEA2737833,39.0
SAMEA2737748,50.0
SAMEA2737703,38.0
SAMEA2737695,39.0
SAMEA2737700,52.0
SAMEA2737712,35.0
SAMEA2737688,41.0
SAMEA2737714,52.0
SAMEA2737724,36.0
SAMEA2737775,55.0
SAMEA2737739,36.0
SAMEA2737727,56.0
SAMEA2737708,53.0
SAMEA2737787,52.0
SAMEA2737838,70.0
SAMEA2737750,40.0
SAMEA2737753,61.0
SAMEA2737673,50.0
SAMEA2737704,62.0
SAMEA2737755,56.0
SAMEA2737783,40.0
SAMEA2737740,53.0
SAMEA2737698,54.0
SAMEA2737679,59.0
SAMEA2737722,60.0
SAMEA2737778,52.0
SAMEA2737747,57.0
SAMEA2737768,50.0
SAMEA2737760,55.0
SAMEA2737676,36.0
SAMEA2737733,46.0
SAMEA2737730,49.0
SAMEA2737678,55.0
SAMEA2737675,42.0
SAMEA2737694,36.0
SAMEA2737809,46.0
SAMEA2737660,32.0
SAMEA2737684,56.0
SAMEA2737784,54.0
SAMEA2737767,45.0
SAMEA2737726,36.0
SAMEA2737743,51.0
SAMEA2737847,45.0
SAMEA2737780,63.0
SAMEA2737736,52.0
SAMEA2737782,53.0
SAMEA2737752,65.0
SAMEA2737677,46.0
SAMEA2737731,47.0
SAMEA2737735,48.0
SAMEA2737777,63.0
SAMEA104142118,61.0
SAMEA104142111,65.0
SAMEA104142365,56.0
SAMEA104142104,61.0
SAMEA104142142,56.0
SAMEA104142364,54.0
SAMEA104142383,60.0
SAMEA104142213,70.0
SAMEA104142229,65.0
SAMEA104142102,56.0
SAMEA104142132,63.0
SAMEA104142211,79.0
SAMEA104142325,40.0
SAMEA104142340,60.0
SAMEA104142402,63.0
SAMEA104142099,59.0
SAMEA104142339,59.0
SAMEA104142210,69.0
SAMEA104142368,69.0
SAMEA104142140,66.0
SAMEA104142337,56.0
SAMEA104142388,56.0
SAMEA104142153,63.0
SAMEA104142115,63.0
SAMEA104142119,62.0
SAMEA104142235,72.0
SAMEA104142353,45.0
SAMEA104142361,50.0
SAMEA104142137,57.0
SAMEA104142097,62.0
SAMEA104142401,59.0
SAMEA104142124,56.0
SAMEA104142326,60.0
SAMEA104142395,69.0
SAMEA104142117,61.0
SAMEA104142232,84.0
SAMEA104142407,62.0
SAMEA104142349,55.0
SAMEA104142358,55.0
SAMEA104142405,64.0
SAMEA104142222,74.0
SAMEA104142386,66.0
SAMEA104142221,71.0
SAMEA104142088,60.0
SAMEA104142145,56.0
SAMEA104142343,58.0
SAMEA104142133,68.0
SAMEA104142107,58.0
SAMEA104142089,63.0
SAMEA104142357,54.0
SAMEA104142404,59.0
SAMEA104142369,60.0
SAMEA104142103,59.0
SAMEA104142131,62.0
SAMEA104142141,66.0
SAMEA104142397,58.0
SAMEA104142125,55.0
SAMEA104142354,38.0
SAMEA104142134,69.0
SAMEA104142391,59.0
SAMEA104142212,65.0
SAMEA104142231,74.0
SAMEA104142371,53.0
SAMEA104142087,62.0
SAMEA104142448,61.0
SAMEA104142334,55.0
SAMEA104142330,54.0
SAMEA104142129,61.0
SAMEA104142333,62.0
SAMEA104142452,53.0
SAMEA104142139,57.0
SAMEA104142390,56.0
SAMEA104142336,61.0
SAMEA104142406,59.0
SAMEA104142348,52.0
SAMEA104142376,54.0
SAMEA104142217,74.0
SAMEA104142228,67.0
SAMEA104142352,56.0
SAMEA104142374,52.0
SAMEA104142144,58.0
SAMEA104142223,68.0
SAMEA104142355,67.0
SAMEA104142219,66.0
SAMEA104142345,50.0
SAMEA104142377,53.0
SAMEA104142356,67.0
SAMEA104142143,51.0
SAMEA104142150,65.0
SAMEA104142342,70.0
SAMEA104142373,53.0
SAMEA104142328,57.0
SAMEA104142347,47.0
SAMEA104142076,62.0
SAMEA104142331,52.0
SAMEA104142215,65.0
SAMEA104142366,44.0
SAMEA104142226,67.0
SAMEA104142367,61.0
SAMEA104142409,61.0
SAMEA104142408,53.0
SAMEA104142382,58.0
SAMEA104142379,61.0
SAMEA104142472,61.0
SAMEA104142378,51.0
SAMEA104142375,51.0
SAMEA104142247,75.76986301
SAMEA104142178,62.48767123
SAMEA104142259,76.85753425
SAMEA104142307,61.0
SAMEA104142184,54.12328767
SAMEA104142299,69.0
SAMEA104142305,67.44383562
SAMEA104142270,55.0630137
SAMEA104142154,59.91780822
SAMEA104142161,59.1890411
SAMEA104142275,75.25753425
SAMEA104142290,61.0
SAMEA104142185,57.49041096
SAMEA104142273,44.0
SAMEA104142276,47.00821918
SAMEA104142164,70.50958904
SAMEA104142156,47.30684932
SAMEA104142242,49.9260274
SAMEA104142285,77.65479452
SAMEA104142160,58.23287671
SAMEA104142163,50.91232877
SAMEA104142187,70.25205479
SAMEA104142086,70.26575342
SAMEA104142281,60.0
SAMEA104142289,78.6
SAMEA104142267,47.7890411
SAMEA104142318,75.63287671
SAMEA104142079,65.30410959
SAMEA104142204,66.18082192
SAMEA104142193,50.24383562
SAMEA104142301,59.0
SAMEA104142173,65.84383562
SAMEA104142194,66.29589041
SAMEA104142080,64.79452055
SAMEA104142167,49.84931507
SAMEA104142296,79.50410959
SAMEA104142238,65.0739726
SAMEA104142297,55.0
SAMEA104142198,48.12328767
SAMEA104142312,57.97534247
SAMEA104142252,48.38630137
SAMEA104142306,82.14246575
SAMEA104142308,47.45753425
SAMEA104142314,66.15890411
SAMEA104142203,75.75616438
SAMEA104142254,65.09315068
SAMEA104142168,47.61369863
SAMEA104142287,42.82739726
SAMEA104142309,75.88493151
SAMEA104142315,54.0
SAMEA104142189,68.12328767
SAMEA104142191,80.20821918
SAMEA104142302,67.0
SAMEA104142239,65.72876712
SAMEA104142283,75.00273973
SAMEA104142181,66.4109589
SAMEA104142188,68.10684932
SAMEA104142096,57.75616438
SAMEA104142321,58.75616438
SAMEA104142295,47.87945205
SAMEA104142244,54.85479452
SAMEA104142291,45.39726027
SAMEA104142205,49.00273973
SAMEA104142255,71.03013699
SAMEA104142250,52.25205479
SAMEA104142263,45.41917808
SAMEA104142272,76.99726027
SAMEA104142261,52.0
SAMEA104142199,46.23013699
SAMEA104142324,71.0
SAMEA104142288,76.02739726
SAMEA104142207,58.53150685
SAMEA104142176,67.30684932
SAMEA104142241,48.54246575
SAMEA104142277,68.0
SAMEA104142298,59.19178082
SAMEA104142258,58.97260274
SAMEA104142243,64.77534247
SAMEA104142245,82.64657534
SAMEA104142284,64.5890411
SAMEA104142300,55.16438356
SAMEA104142200,67.68493151
SAMEA104142256,66.0
SAMEA104142237,69.17260274
SAMEA104142094,46.79452055
SAMEA104142084,69.65479452
SAMEA104142316,56.11232877
SAMEA104142186,59.46575342
SAMEA104142170,60.41643836
SAMEA104142313,55.75890411
SAMEA104142162,56.01917808
SAMEA104142182,54.9260274
SAMEA104142260,59.0
SAMEA104142251,58.00273973
SAMEA104142262,47.0
SAMEA104142081,64.50958904
SAMEA104142202,62.4630137
SAMEA104142158,61.51232877
SAMEA104142166,56.99726027
SAMEA104142179,55.03013699
SAMEA104142165,55.78082192
SAMEA104142269,71.0
SAMEA104142274,70.0
SAMEA104142268,52.0
SAMEA104142319,57.25753425
SAMEA104142195,71.46575342
SAMEA104142206,74.51232877
SAMEA104142180,53.02465753
SAMEA104142196,72.75342466
SAMEA104142240,58.55890411
SAMEA104142266,61.68219178
SAMEA104142192,46.86575342
SAMEA104142278,48.44109589
SAMEA104142155,49.24383562
SAMEA104142246,61.03013699
SAMEA104142177,77.48767123
SAMEA104142293,73.0
SAMEA104142265,68.0
SAMEA104142248,65.0
SAMEA104142209,55.44383562
SAMEA104142279,49.18630137
SAMEA104142172,50.62465753
SAMEA104142304,56.56986301
SAMEA104142292,44.37534247
SAMEA104142095,65.70410959
SAMEA104142311,77.13972603
SAMEA104142169,62.36438356
SAMEA104142082,56.24383562
SAMEA104142159,59.19726027
SAMEA104142249,52.0
SAMEA104142157,45.02191781
SAMEA104142175,63.11780822
SAMEA104142294,82.19726027
SAMEA104142317,32.41369863
SAMEA104142093,46.36164384
SAMEA104142197,61.77808219
SAMEA104142264,50.95342466
SAMEA104142253,68.0
SAMEA104142190,70.89041096
SAMEA104142303,65.45205479
SAMEA104142201,60.46027397
SAMEA104142208,42.31780822
SAMEA104142286,71.75068493
SAMEA104142183,72.1260274
SAMEA104142171,60.71780822
SAMEA104142310,59.09041096
SAMEA104142322,61.57534247
SAMEA104142257,55.65205479
SAMEA104142282,33.89863014
SAMEA104142471,61.0
SAMEA104142470,61.0
SAMEA104142469,61.0
SAMEA104142468,61.0
SAMEA104142467,61.0
SAMEA104142466,61.0
SAMEA104142465,61.0
SAMEA104142464,61.0
SAMEA104142463,61.0
SAMEA104142460,61.0
SAMEA104142462,61.0
SAMEA104142459,61.0
SAMEA104142461,61.0
SAMEA104142458,61.0
SAMEA104142447,61.0
SAMEA104142457,61.0
SAMEA104142456,61.0
SAMEA104142474,61.0
SAMEA104142455,61.0
SAMEA104142446,61.0
SAMEA104142445,61.0
SAMEA104142444,61.0
SAMEA104142442,61.0
SAMEA104142441,61.0
SAMEA104142440,61.0
SAMEA104142439,61.0
SAMEA104142438,61.0
SAMEA104142437,61.0
SAMEA104142436,61.0
SAMEA104142435,61.0
SAMEA104142434,61.0
SAMEA104142433,62.0
SAMEA104142432,72.0
SAMEA104142431,62.0
SAMEA104142430,49.0
SAMEA104142429,74.0
SAMEA104142473,55.0
SAMEA104142428,65.0
SAMEA104142427,68.0
SAMEA104142426,62.0
SAMEA104142425,69.0
SAMEA104142424,55.0
SAMEA104142476,68.0
SAMEA104142475,62.0
SAMEA104142423,45.0
SAMEA104142422,77.0
SAMEA104142421,60.0
SAMEA104142420,42.0
SAMEA104142419,55.0
SAMEA104142418,43.0
SAMEA104142415,35.0
SAMEA104142414,66.0
SAMEA104142413,68.0
SAMEA104142412,69.0
SAMEA104142410,79.0
SAMEA104142417,67.0
SAMEA104142411,56.0
SAMEA104142090,63.62191781
SAMEA104142091,61.41917808
SAMEA104142092,59.09315068
SAMEA104142083,58.87945205
SAMEA104142085,63.08493151
SAMEA104142174,61.28219178
SAMEA104142280,81.33972603
SAMEA104142271,81.72876712
SAMEA3879547,67.0
SAMEA3879551,60.0
SAMEA3879543,82.0
SAMEA3879565,62.0
SAMEA3879546,79.0
SAMEA3879522,36.0
SAMEA3879600,48.0
SAMEA3879587,76.0
SAMEA3879509,68.0
SAMEA3879607,45.0
SAMEA3879588,56.0
SAMEA3879538,56.0
SAMEA3879542,48.0
SAMEA3879577,60.0
SAMEA3879591,72.0
SAMEA3879552,71.0
SAMEA3879541,39.0
SAMEA3879500,65.0
SAMEA3879532,59.0
SAMEA3879603,72.0
SAMEA3879574,55.0
SAMEA3879561,76.0
SAMEA3879571,73.0
SAMEA3879549,63.0
SAMEA3879530,69.0
SAMEA3879576,45.0
SAMEA3879568,47.0
SAMEA3879525,58.0
SAMEA3879550,63.0
SAMEA3879564,51.0
SAMEA3879533,83.0
SAMEA3879558,40.0
SAMEA3879596,54.0
SAMEA3879537,31.0
SAMEA3879505,31.0
SAMEA3879531,59.0
SAMEA3879510,69.0
SAMEA3879545,58.0
SAMEA3879529,65.0
SAMEA3879567,63.0
SAMEA3879559,66.0
SAMEA3879517,42.0
SAMEA3879581,66.0
SAMEA3879569,37.0
SAMEA3879572,78.0
SAMEA3879602,71.0
SAMEA3879508,89.0
SAMEA3879519,85.0
SAMEA3879527,44.0
SAMEA3879609,84.0
SAMEA3879563,54.0
SAMEA3879520,74.0
SAMEA3879540,40.0
SAMEA3879575,54.0
SAMEA3879583,65.0
SAMEA3879573,71.0
SAMEA3879512,53.0
SAMEA3879521,70.0
SAMEA3879506,65.0
SAMEA3879539,53.0
SAMEA3879557,63.0
SAMEA3879601,56.0
SAMEA3879594,51.0
SAMEA3879544,73.0
SAMEA3879597,57.0
SAMEA3879516,69.0
SAMEA3879586,72.0
SAMEA3879584,71.0
SAMEA3879560,53.0
SAMEA3879534,55.0
SAMEA3879501,67.0
SAMEA3879599,65.0
SAMEA3879582,66.0
SAMEA3879555,55.0
SAMEA3879556,43.0
SAMEA3879548,65.0
SAMEA3879562,67.0
SAMEA3879604,64.0
SAMEA3879578,84.0
SAMEA3879535,71.0
SAMEA3879518,74.0
SAMN07424466,55.0
SAMN07424412,57.0
SAMN07424409,69.0
SAMN07424418,62.0
SAMN07424546,28.0
SAMN07424429,17.0
SAMN07424516,29.0
SAMN07424383,44.0
SAMN07424520,32.0
SAMN07424522,61.0
SAMN07424324,40.0
SAMN07424464,22.0
SAMN07424467,56.0
SAMN07424369,51.0
SAMN07424472,22.0
SAMN07424477,45.0
SAMN07424485,25.0
SAMN07424394,32.0
SAMN07424329,18.0
SAMN07424404,39.0
SAMN07424417,40.0
SAMN07424543,36.0
SAMN07424493,44.0
SAMN07424492,60.0
SAMN07424437,19.0
SAMN07424382,37.0
SAMN07424384,17.0
SAMN07424309,53.0
SAMN07424265,24.0
SAMN07424267,41.0
SAMN07424259,43.0
SAMN07424253,30.0
SAMN07424251,26.0
SAMN07424252,30.0
SAMN07424470,37.0
SAMN07424476,50.0
SAMN07424425,74.0
SAMN07424343,47.0
SAMN07424345,43.0
SAMN07424505,29.0
SAMN07424513,42.0
SAMN07424514,35.0
SAMN07424512,26.0
SAMN07424517,26.0
SAMN07424449,36.0
SAMN07424454,17.0
SAMN07424456,39.0
SAMN07424525,56.0
SAMN07424521,46.0
SAMN07424280,32.0
SAMN07424283,76.0
SAMN07424261,38.0
SAMEA2467010,56.0
SAMEA2467028,63.0
SAMEA2466902,64.0
SAMEA2466901,55.0
SAMEA2466887,52.0
SAMEA2467038,62.0
SAMEA2467019,63.0
SAMEA2467012,80.0
SAMEA2467035,67.0
SAMEA2467014,62.0
SAMEA2467085,34.0
SAMEA2466985,38.0
SAMEA2467034,63.0
SAMEA2467011,70.0
SAMEA2467036,77.0
SAMEA2466982,49.0
SAMEA2467029,84.0
SAMEA2467033,67.0
SAMEA2466913,63.0
SAMEA2467026,61.0
SAMEA2467030,62.0
SAMEA2467027,71.0
SAMEA2467031,61.0
SAMEA2466965,35.0
SAMEA2467082,34.0
SAMEA2466892,57.0
SAMEA2466912,25.0
SAMEA2466911,29.0
SAMEA2466980,52.0
SAMEA2467020,62.0
SAMEA2466900,72.0
SAMEA2467017,61.0
SAMEA2467021,65.0
SAMEA2466898,59.0
SAMEA2466909,59.0
SAMEA2466933,50.0
SAMEA2466903,59.0
SAMEA2467022,70.0
SAMEA2467016,69.0
SAMEA2467041,66.0
SAMEA2466979,67.0
SAMEA2467024,63.0
SAMEA2467018,68.0
SAMEA2467039,72.0
SAMEA2467084,37.0
SAMEA2466930,76.0
SAMEA2467009,56.0
SAMEA2466954,87.0
SAMEA2466956,73.0
SAMEA2466947,78.0
SAMEA2466998,74.0
SAMEA2466934,85.0
SAMEA2466946,44.0
SAMEA2466941,59.0
SAMEA2466908,62.0
SAMEA2466972,64.0
SAMEA2466917,63.0
SAMEA2466963,72.0
SAMEA2467007,54.0
SAMEA2466984,79.0
SAMEA2467075,43.0
SAMEA2467052,73.0
SAMEA2467076,35.0
SAMEA2467055,87.0
SAMEA2467057,41.0
SAMEA2467072,62.0
SAMEA2466955,56.0
SAMEA2467074,68.0
SAMEA2467065,66.0
SAMEA2466991,68.0
SAMEA2466968,80.0
SAMEA2466928,50.0
SAMEA2467002,65.0
SAMEA2466987,69.0
SAMEA2466915,58.0
SAMEA2466937,48.0
SAMEA2467080,69.0
SAMEA2467054,59.0
SAMEA2467060,72.0
SAMEA2466970,51.0
SAMEA2466931,73.0
SAMEA2466997,82.0
SAMEA2467047,70.0
SAMEA2466964,55.0
SAMEA2466942,63.0
SAMEA2466938,76.0
SAMEA2467070,58.0
SAMEA2467078,63.0
SAMEA2466990,69.0
SAMEA2467004,53.0
SAMEA2466976,67.0
SAMEA2466926,70.0
SAMEA2466957,60.0
SAMEA2466993,62.0
SAMEA2467046,77.0
SAMEA2467050,79.0
SAMEA2467059,66.0
SAMEA2467063,74.0
SAMEA2466936,73.0
SAMEA2466992,65.0
SAMEA2467001,74.0
SAMEA2467049,34.0
SAMEA2467073,62.0
SAMEA2467058,42.0
SAMEA2467064,56.0
SAMEA2466932,59.0
SAMEA2466983,45.0
SAMEA2467005,67.0
SAMEA2467079,90.0
SAMEA2467043,72.0
SAMEA2467044,55.0
SAMEA2467067,51.0
SAMEA2467068,65.0
SAMEA2467061,69.0
SAMEA2467077,75.0
SAMEA2466948,63.0
SAMEA2466944,80.0
SAMEA2466922,79.0
SAMEA2466988,69.0
SAMEA2466986,64.0
SAMEA2467071,49.0
SAMEA2467069,51.0
SAMEA2467048,67.0
SAMEA2467056,71.0
SAMEA2466973,51.0
SAMEA2466927,63.0
SAMEA2467045,53.0
SAMEA2467051,66.0
SAMEA2466916,87.0
SAMEA2467053,58.0
SAMEA2467062,53.0
SAMEA2467066,42.0
SAMEA2466989,75.0
SAMEA2466904,72.0
SAMEA2466996,73.0
SAMEA4431979,23.0
SAMEA4431989,24.0
SAMEA4431986,39.0
SAMEA4431940,23.0
SAMEA4431960,17.0
SAMEA4431981,17.0
SAMEA4431985,25.0
SAMEA4431977,19.0
SAMEA4431971,20.0
SAMEA4431974,18.0
SAMEA4431968,17.0
SAMEA4431944,24.0
SAMEA4431939,22.0
SAMEA4431969,17.0
SAMEA4431963,17.0
SAMEA4431970,18.0
SAMEA4431943,23.0
SAMEA4431935,26.0
SAMEA4431973,18.0
SAMEA4431942,24.0
SAMEA4431975,17.0
SAMEA4431938,24.0
SAMEA4431941,22.0
SAMEA4431945,24.0
SAMEA4431937,24.0
SAMEA4431983,19.0
SAMEA4431972,19.0
SAMEA4431976,17.0
SAMEA4431872,22.0
SAMEA4431917,25.0
SAMEA4431875,43.0
SAMEA4431933,21.0
SAMEA4431911,18.0
SAMEA4431877,27.0
SAMEA4431870,27.0
SAMEA4431921,24.0
SAMEA4431880,29.0
SAMEA4431919,23.0
SAMEA4431884,28.0
SAMEA4431916,42.0
SAMEA4431893,36.0
SAMEA4431873,39.0
SAMEA4431883,31.0
SAMEA4431906,28.0
SAMEA4431869,22.0
SAMEA4431928,36.0
SAMEA4431914,40.0
SAMEA4431878,22.0
SAMEA4431908,25.0
SAMEA4431896,25.0
SAMEA4431903,27.0
SAMEA4431929,22.0
SAMEA4431901,30.0
SAMEA4431881,21.0
SAMEA4431874,17.0
SAMEA4431902,39.0
SAMEA4431905,35.0
SAMEA4431891,44.0
SAMEA4431887,29.0
SAMEA4431931,31.0
SAMEA4431899,40.0
SAMEA4431895,31.0
SAMEA4431904,30.0
SAMEA4431868,48.0
SAMEA4431898,23.0
SAMEA4431889,23.0
SAMEA4431885,33.0
SAMEA4431907,24.0
SAMEA4431909,18.0
SAMEA4431915,35.0
SAMEA4431879,42.0
SAMN00792017,46.0
SAMN00792016,46.0
SAMN00792015,52.0
SAMN00792014,49.0
SAMN00792013,45.0
SAMN00792012,42.0
SAMN00792011,41.0
SAMN00792010,41.0
SAMN00792009,39.0
SAMN00792008,43.0
SAMN00792007,48.0
SAMN00792006,54.0
SAMN00792005,53.0
SAMN00792004,34.0
SAMN00792003,41.0
SAMN00792002,45.0
SAMN00792001,46.0
SAMN00792000,44.0
SAMN00791999,41.0
SAMN00791998,40.0
SAMN00791997,64.0
SAMN00791996,46.0
SAMN00791995,48.0
SAMN00791994,44.0
SAMN00791993,46.0
SAMN00791992,41.0
SAMN00791991,45.0
SAMN00791990,49.0
SAMN00791989,45.0
SAMN00791988,46.0
SAMN00791987,52.0
SAMN00791986,46.0
SAMN00791985,35.0
SAMN00791984,42.0
SAMN00791983,47.0
SAMN00791982,55.0
SAMN00791981,48.0
SAMN00791980,44.0
SAMN00791979,60.0
SAMN00791978,50.0
SAMN00791977,50.0
SAMN00791976,47.0
SAMN00791975,49.0
SAMN00791974,47.0
SAMN00791973,42.0
SAMN00791972,41.0
SAMN00791971,63.0
SAMN00791970,55.0
SAMN00791969,50.0
SAMN00791968,62.0
SAMN00791967,50.0
SAMN00791966,57.0
SAMN00791965,59.0
SAMN00791964,53.0
SAMN00791963,56.0
SAMN00791962,57.0
SAMN00791961,54.0
SAMN00791960,74.0
SAMN00791959,52.0
SAMN00791958,60.0
SAMN00791957,43.0
SAMN00791956,40.0
SAMN00791955,61.0
SAMN00791954,46.0
SAMN00791953,60.0
SAMN00791952,70.0
SAMN00791951,58.0
SAMN00791950,56.0
SAMN00791949,50.0
SAMN00791948,55.0
SAMN00791947,47.0
SAMN00791946,52.0
SAMN00791945,55.0
SAMN00791944,52.0
SAMN00791943,53.0
SAMN00791942,56.0
SAMN00791941,45.0
SAMN00791940,38.0
SAMN00791939,67.0
SAMN00791938,67.0
SAMN00791937,54.0
SAMN00791936,55.0
SAMN00791935,40.0
SAMN00791934,39.0
SAMN00791933,50.0
SAMN00791932,55.0
SAMN00791931,41.0
SAMN00791930,54.0
SAMN00791929,56.0
SAMN00791928,44.0
SAMN00791927,61.0
SAMN00791926,69.0
SAMN00791925,60.0
SAMN00791924,53.0
SAMN00791923,53.0
SAMN00791922,48.0
SAMN00791921,53.0
SAMN00791920,52.0
SAMN00791911,28.0
SAMN00791910,27.0
SAMN00791909,21.0
SAMN00791908,28.0
SAMN00791907,29.0
SAMN00791906,27.0
SAMN00791905,27.0
SAMN00791904,27.0
SAMN00791903,27.0
SAMN00791902,26.0
SAMN00791901,28.0
SAMN00715275,47.0
SAMN00715274,38.0
SAMN00715273,28.0
SAMN00715272,24.0
SAMN00715271,26.0
SAMN00715270,39.0
SAMN00715269,37.0
SAMN00715268,32.0
SAMN00715267,41.0
SAMN00715266,30.0
SAMN00715265,33.0
SAMN00715264,46.0
SAMN00715263,68.0
SAMN00715262,48.0
SAMN00715261,38.0
SAMN00715260,40.0
SAMN00715259,30.0
SAMN00715258,32.0
SAMN00715257,39.0
SAMN00715256,33.0
SAMN00715255,25.0
SAMN00715254,21.0
SAMN00715253,22.0
SAMN00715252,24.0
SAMN00715251,23.0
SAMN00715250,29.0
SAMN00715249,25.0
SAMN00715248,23.0
SAMN00715247,22.0
SAMN00715246,24.0
SAMN00715245,24.0
SAMN00715244,23.0
SAMN00715243,59.0
SAMN00715242,32.0
SAMN00715241,27.0
SAMN00715240,26.0
SAMN00715202,52.0
SAMN00715201,46.0
SAMN00715200,23.0
SAMN00715199,43.0
SAMN00715198,42.0
SAMN00715197,32.0
SAMN00715196,54.0
SAMN00715195,72.0
SAMN00715194,32.0
SAMN00715193,42.0
SAMN00715192,41.0
SAMN00715191,30.0
SAMN00715190,26.0
SAMN00715189,32.0
SAMN00715188,35.0
SAMN00715187,33.0
SAMN00715186,51.0
SAMN00715185,45.0
SAMN00715184,19.0
SAMN00715183,38.0
SAMN00715182,23.0
SAMN00715181,23.0
SAMN00715180,23.0
SAMN00715179,24.0
SAMN00715178,22.0
SAMN00715177,42.0
SAMN00715176,23.0
SAMN00715175,32.0
SAMN00715174,37.0
SAMN00715173,25.0
SAMN00715172,35.0
SAMN00715171,27.0
SAMN00715170,39.0
SAMN00715169,27.0
SAMN00715168,44.0
SAMN00715167,34.0
SAMN00715166,31.0
SAMN00792118,55.0
SAMN00792117,45.0
SAMN00792116,74.0
SAMN00792115,33.0
SAMN00792114,55.0
SAMN00792113,56.0
SAMN00792112,40.0
SAMN00792111,54.0
SAMN00792110,63.0
SAMN00792109,63.0
SAMN00792108,51.0
SAMN00792107,65.0
SAMN00792106,55.0
SAMN00792105,79.0
SAMN00792104,65.0
SAMN00792103,56.0
SAMN00792102,83.0
SAMN00792101,44.0
SAMN00792100,61.0
SAMN00792099,41.0
SAMN00792098,62.0
SAMN00792097,52.0
SAMN00792096,81.0
SAMN00792095,72.0
SAMN00792094,58.0
SAMN00792093,61.0
SAMN00792092,31.0
SAMN00792091,58.0
SAMN00792090,49.0
SAMN00792089,56.0
SAMN00792088,62.0
SAMN00792087,62.0
SAMN00792086,45.0
SAMN00792085,57.0
SAMN00792084,54.0
SAMN00792083,80.0
SAMN00792082,60.0
SAMN00792081,54.0
SAMN00792080,25.0
SAMN00792079,57.0
SAMN00792077,58.0
SAMN00792076,47.0
SAMN00792075,51.0
SAMN00792074,70.0
SAMN00792073,41.0
SAMN00792072,41.0
SAMN00792071,61.0
SAMN00792070,43.0
SAMN00792069,40.0
SAMN00792068,64.0
SAMN00792067,40.0
SAMN00792066,71.0
SAMN00792065,65.0
SAMN00792064,33.0
SAMN00792063,46.0
SAMN00792062,33.0
SAMN00792061,73.0
SAMN00792060,60.0
SAMN00792059,36.0
SAMN00792058,35.0
SAMN00792057,74.0
SAMN00792056,58.0
SAMN00792055,32.0
SAMN00792054,55.0
SAMN00792053,55.0
SAMN00792052,42.0
SAMN00792051,75.0
SAMN00792050,71.0
SAMN00792049,46.0
SAMN00792048,57.0
SAMN00792047,29.0
SAMN00792046,64.0
SAMN00792045,55.0
SAMN00792044,60.0
SAMN00792043,68.0
SAMN00792042,49.0
SAMN00792041,61.0
SAMN00792040,66.0
SAMN00792039,81.0
SAMN00792038,44.0
SAMN00792037,58.0
SAMN00792036,49.0
SAMN00792035,51.0
SAMN00792034,71.0
SAMN00792033,60.0
SAMN00792032,57.0
SAMN00792031,72.0
SAMN00792030,58.0
SAMN00792029,72.0
SAMN00792028,50.0
SAMN00792027,39.0
SAMN00792026,43.0
SAMN00792025,24.0
SAMN00792024,71.0
SAMN00792023,58.0
SAMN00792022,40.0
SAMN00792021,54.0
SAMN00792020,28.0
SAMN00792019,86.0
SAMN00792018,57.0
SAMN00791919,58.0
SAMN00791918,46.0
SAMN00791917,49.0
SAMN00791916,44.0
SAMN00791915,43.0
SAMN00791914,46.0
SAMN00791913,48.0
SAMN00791912,73.0
SAMN00715239,36.0
SAMN00715238,31.0
SAMN00715237,53.0
SAMN00715236,68.0
SAMN00715235,39.0
SAMN00715234,68.0
SAMN00715233,36.0
SAMN00715232,74.0
SAMN00715231,75.0
SAMN00715230,53.0
SAMN00715229,59.0
SAMN00715228,40.0
SAMN00715227,51.0
SAMN00715226,63.0
SAMN00715225,59.0
SAMN00715224,63.0
SAMN00715223,70.0
SAMN00715222,39.0
SAMN00715221,45.0
SAMN00715220,53.0
SAMN00715219,58.0
SAMN00715218,41.0
SAMN00715217,47.0
SAMN00715216,49.0
SAMN00715215,52.0
SAMN00715214,70.0
SAMN00715213,56.0
SAMN00715212,48.0
SAMN00715211,51.0
SAMN00715210,55.0
SAMN00715209,37.0
SAMN00715208,46.0
SAMN00715207,61.0
SAMN00715206,49.0
SAMN00715205,52.0
SAMN00715204,53.0
SAMN00715165,62.0
SAMN00715164,42.0
SAMN00715163,39.0
SAMN00715162,72.0
SAMN00715161,43.0
SAMN00715160,41.0
SAMN00715159,71.0
SAMN00715158,57.0
SAMN00715157,49.0
SAMN00715156,63.0
SAMN00715155,53.0
SAMN00715154,61.0
SAMN00715153,48.0
SAMN00715152,62.0
SAMN00715151,68.0
SAMN00715150,70.0
SAMN00715149,56.0
SAMN00715148,49.0
SAMN00715147,30.0
SAMN00715146,38.0
SAMN00715145,43.0
SAMN00715144,28.0
SAMN00715143,35.0
SAMN00715142,38.0
SAMN00715141,41.0
SAMN00715140,29.0
SAMN00715139,51.0
SAMN00715138,54.0
SAMN00715137,62.0
SAMN00715136,71.0
SAMN00715135,60.0
SAMN00715134,25.0
SAMN00715133,46.0
SAMN00715132,43.0
SAMN00715131,59.0
SAMN00993245,50.0
SAMN00993244,65.0
SAMN00993243,63.0
SAMN00993242,65.0
SAMN00993241,65.0
SAMN00993240,78.0
SAMEA1906570,70.52328767
SAMEA1906571,71.56712329
SAMEA1906514,71.29041096
SAMEA1906548,71.15890411
SAMEA1906445,69.32054795
SAMEA1906439,70.02739726
SAMEA1906566,70.52328767
SAMEA1906428,69.54246575
SAMEA1906549,70.85479452
SAMEA1906479,71.35616438
SAMEA1906495,70.21643836
SAMEA1906435,70.54520548
SAMEA1906543,70.02465753
SAMEA1906462,71.70684932
SAMEA1906472,69.91232877
SAMEA1906512,69.7369863
SAMEA1906450,71.00821918
SAMEA1906465,70.25205479
SAMEA1906422,71.38630137
SAMEA1906531,70.85753425
SAMEA1906574,69.98082192
SAMEA1906505,69.08219178
SAMEA1906469,71.25479452
SAMEA1906424,70.70958904
SAMEA1906444,71.15616438
SAMEA1906426,71.46575342
SAMEA1906437,70.13972603
SAMEA1906557,70.07671233
SAMEA1906436,70.90136986
SAMEA1906579,71.62739726
SAMEA1906446,71.48767123
SAMEA1906523,69.4739726
SAMEA1906558,69.57534247
SAMEA1906540,70.77534247
SAMEA1906528,71.24109589
SAMEA1906545,69.97260274
SAMEA1906554,71.64657534
SAMEA1906553,71.12328767
SAMEA1906580,71.24383562
SAMEA1906455,71.36438356
SAMEA1906451,68.97534247
SAMEA1906533,69.97808219
SAMEA1906421,68.95890411
SAMEA1906456,70.96712329
SAMEA1906497,69.48767123
SAMEA1906524,70.77808219
SAMEA1906529,70.11232877
SAMEA1906583,70.72054795
SAMEA1906546,69.17808219
SAMEA1906572,69.32328767
SAMEA1906442,70.16438356
SAMEA1906489,70.15342466
SAMEA1906482,70.38630137
SAMEA2042385,60.0
SAMEA2042199,54.0
SAMEA2041938,44.0
SAMEA2042581,32.0
SAMEA2042491,60.0
SAMEA2041932,32.0
SAMEA2042221,59.0
SAMEA2042661,32.0
SAMEA2042384,65.0
SAMEA2042583,20.0
SAMEA2042205,49.0
SAMEA2042573,34.0
SAMEA2042379,49.0
SAMEA2042115,41.0
SAMEA2042298,44.0
SAMEA2042191,67.0
SAMEA2042619,26.0
SAMEA2042299,54.0
SAMEA2041936,20.0
SAMEA2042448,37.0
SAMEA2042556,60.0
SAMEA2042218,24.0
SAMEA2042220,18.0
SAMEA2042392,60.0
SAMEA2042104,68.0
SAMEA2042731,59.0
SAMEA2042289,54.0
SAMEA2042099,54.0
SAMEA2042226,20.0
SAMEA2042555,65.0
SAMEA2042091,69.0
SAMEA2042362,59.0
SAMEA2042612,50.0
SAMEA2042285,59.0
SAMEA2042425,55.0
SAMEA1972229,37.0
SAMEA2042222,28.0
SAMEA2042387,60.0
SAMEA2042564,70.0
SAMEA2041927,24.0
SAMEA2042734,55.0
SAMEA1965033,44.0
SAMEA2042376,59.0
SAMEA2042302,49.0
SAMEA2042096,49.0
SAMEA2042562,45.0
SAMEA1973207,45.0
SAMEA2041923,22.0
SAMEA2042663,19.0
SAMEA2042570,31.0
SAMEA2042100,59.0
SAMEA2042495,55.0
SAMEA2042102,41.0
SAMEA2042001,29.0
SAMEA2042662,38.0
SAMEA2042296,54.0
SAMEA2042202,69.0
SAMEA2042192,59.0
SAMEA2042516,41.0
SAMEA2042737,55.0
SAMEA2042292,64.0
SAMEA2042223,54.0
SAMEA2042005,41.0
SAMEA2042197,54.0
SAMEA2042194,69.0
SAMEA2042444,25.0
SAMEA2042497,59.0
SAMEA2042434,55.0
SAMEA2042580,54.0
SAMEA2042574,19.0
SAMEA2042098,44.0
SAMEA2042561,55.0
SAMEA2042114,68.0
SAMEA2042512,46.0
SAMEA2042732,60.0
SAMEA2042729,50.0
SAMEA2042195,64.0
SAMEA2042193,49.0
SAMEA2042511,61.0
SAMEA2042217,36.0
SAMEA2042396,48.0
SAMEA2042382,49.0
SAMEA2042215,41.0
SAMEA2042012,25.0
SAMEA2042398,22.0
SAMEA2042397,36.0
SAMEA1965852,34.0
SAMEA2042395,25.0
SAMEA2042112,34.0
SAMEA2042107,18.0
SAMEA2042014,41.0
SAMEA2042105,21.0
SAMEA2042224,27.0
SAMEA1968151,38.0
SAMEA2042402,31.0
SAMEA2042575,24.0
SAMEA2042743,34.0
SAMEA2043052,46.0
SAMEA2042632,46.0
SAMEA2042659,35.0
SAMEA2042924,41.0
SAMEA2042571,33.0
SAMEA2042620,25.0
SAMEA2042407,41.0
SAMEA1971886,24.0
SAMEA1965191,24.0
SAMEA2042441,53.0
SAMEA2042622,30.0
SAMEA2042517,26.0
SAMEA2042513,44.0
SAMEA2041925,40.0
SAMEA2043051,29.0
SAMEA2042745,43.0
SAMEA2042835,56.0
SAMEA2042405,48.0
SAMEA2042576,26.0
SAMEA2043042,35.0
SAMEA2042983,30.0
SAMEA2042442,25.0
SAMEA2042584,50.0
SAMEA2042981,51.0
SAMEA2042992,44.0
SAMEA2042625,44.0
SAMEA2042921,52.0
SAMEA2042829,68.0
SAMEA2042506,52.0
SAMEA2042919,41.0
SAMEA2042840,46.0
SAMEA2042842,51.0
SAMEA2042839,48.0
SAMEA2042010,52.0
SAMEA2042445,41.0
SAMEA2042987,64.0
SAMEA2042451,62.0
SAMEA2042914,44.0
SAMEA2042618,46.0
SAMEA2042579,32.0
SAMEA2042922,55.0
SAMEA2042577,47.0
SAMEA2042985,54.0
SAMEA2042403,45.0
SAMEA2042449,62.0
SAMEA2042915,41.0
SAMEA2042660,41.0
SAMEA2042439,51.0
SAMEA2043040,57.0
SAMEA2042508,36.0
SAMEA2042453,43.0
SAMEA2042917,55.0
SAMEA2043044,43.0
SAMEA2042627,43.0
SAMEA1964348,39.0
SAMEA2043048,45.0
SAMEA2042912,49.0
SAMEA2042994,55.0
SAMEA2042741,37.0
SAMEA2042831,31.0
SAMEA2043050,32.0
SAMEA2042630,32.0
SAMN07448993,71.0
SAMN07448981,23.0
SAMN07448973,21.0
SAMN07448970,28.0
SAMN07449011,30.0
SAMN07448999,58.0
SAMN07449074,27.0
SAMN07449053,27.0
SAMN07449072,25.0
SAMN07448992,57.0
SAMN07448983,26.0
SAMN07449063,50.0
SAMN07449043,23.0
SAMN07448976,25.0
SAMN07449016,28.0
SAMN07449054,21.0
SAMN07448969,27.0
SAMN07448984,25.0
SAMN07448982,26.0
SAMN07448979,29.0
SAMN07449070,21.0
SAMN07448987,23.0
SAMN07449013,26.0
SAMN07449001,22.0
SAMN07449006,26.0
SAMN07449075,30.0
SAMN07449076,30.0
SAMN07449003,30.0
SAMN07449039,52.0
SAMN07449015,25.0
SAMN07448986,26.0
SAMN07448968,26.0
SAMN07448994,52.0
SAMN07449012,24.0
SAMN07448978,22.0
SAMN07448980,24.0
SAMN07449048,30.0
SAMN07449067,53.0
SAMN07449007,29.0
SAMN07448988,23.0
SAMN07449069,53.0
SAMN07448972,27.0
SAMN07449051,26.0
SAMN07449052,28.0
SAMN07449002,30.0
SAMN07449064,56.0
SAMN07449058,55.0
SAMN08813925,66.0
SAMN08813989,70.0
SAMN08814053,60.0
SAMN08813929,58.0
SAMN08813963,67.0
SAMN08813920,66.0
SAMN08813939,64.0
SAMN08813979,66.0
SAMN08813947,61.0
SAMN08814050,61.0
SAMN08814011,60.0
SAMN08814010,68.0
SAMN08813926,65.0
SAMN08813952,56.0
SAMN08813955,50.0
SAMN08813974,52.0
SAMN08813948,60.0
SAMN08814054,67.0
SAMN08814040,71.0
SAMN08814046,69.0
SAMN08814024,58.0
SAMN08814043,80.0
SAMN08813969,41.0
SAMN08813973,54.0
SAMN08813932,54.0
SAMN08813986,71.0
SAMN08813980,77.0
SAMN08814049,64.0
SAMN08814042,70.0
SAMN08814059,61.0
SAMN08814055,77.0
SAMD00114843,53.0
SAMD00114983,77.0
SAMD00114829,65.0
SAMD00114778,59.0
SAMD00114783,50.0
SAMD00114781,64.0
SAMD00114997,74.0
SAMD00115022,73.0
SAMD00114950,49.0
SAMD00154991,65.0
SAMD00114874,76.0
SAMD00114994,44.0
SAMD00114953,63.0
SAMD00114834,76.0
SAMD00114734,72.0
SAMD00114798,45.0
SAMD00115002,75.0
SAMD00114895,49.0
SAMD00154992,66.0
SAMD00114859,75.0
SAMD00114862,78.0
SAMD00114929,40.0
SAMD00114982,64.0
SAMD00114842,76.0
SAMD00115023,77.0
SAMD00114998,70.0
SAMD00114977,66.0
SAMD00115008,76.0
SAMD00114865,45.0
SAMN08813998,83.0
SAMN08813968,51.0
SAMN08813965,50.0
SAMN08813978,39.0
SAMN08813946,51.0
SAMN08813959,62.0
SAMN08814021,67.0
SAMN08813997,77.0
SAMN08814028,60.0
SAMN08813967,46.0
SAMN08813942,69.0
SAMN08814000,64.0
SAMN08814030,61.0
SAMN08814039,84.0
SAMN08813994,77.0
SAMN08814032,83.0
SAMN08814038,78.0
SAMN08814023,70.0
SAMN08813999,66.0
SAMN08813938,68.0
SAMN08813961,64.0
SAMN08814003,74.0
SAMN08814022,58.0
SAMN08814029,63.0
SAMN08813922,56.0
SAMN08813957,48.0
SAMN08813940,65.0
SAMN08813930,56.0
SAMN08814034,76.0
SAMN08814001,78.0
SAMN08813924,62.0
SAMN08814037,69.0
SAMN08813958,38.0
SAMN08813971,61.0
SAMN08813951,59.0
SAMN08813966,57.0
SAMN08813956,56.0
SAMN08814031,82.0
SAMN08813921,66.0
SAMN08813975,70.0
SAMN08813936,69.0
SAMN08813954,59.0
SAMN08814017,69.0
SAMN08813960,67.0
SAMN08813931,55.0
SAMN08813928,65.0
SAMN08813934,63.0
SAMN08813993,78.0
SAMN08813991,64.0
SAMN08814051,57.0
SAMN08814026,71.0
SAMN08813949,62.0
SAMN08813945,51.0
SAMN08813935,58.0
SAMN08813996,67.0
SAMN08813995,63.0
SAMN08813941,59.0
SAMN08813982,75.0
SAMN08813944,68.0
SAMD00114813,70.0
SAMD00114946,46.0
SAMD00114826,63.0
SAMD00114765,57.0
SAMD00154995,70.0
SAMD00114805,46.0
SAMD00114892,49.0
SAMD00114893,67.0
SAMD00114966,73.0
SAMD00114915,54.0
SAMD00114825,70.0
SAMD00115035,51.0
SAMD00114920,59.0
SAMD00114737,62.0
SAMD00114753,65.0
SAMD00154994,65.0
SAMD00114840,69.0
SAMD00114731,70.0
SAMD00114964,75.0
SAMD00114884,32.0
SAMD00114722,64.0
SAMD00114724,66.0
SAMD00114863,59.0
SAMD00114760,78.0
SAMD00154993,48.0
SAMD00114871,64.0
SAMD00114849,45.0
SAMD00114763,69.0
SAMD00114931,70.0
SAMD00114767,38.0
SAMD00115000,55.0
SAMD00114803,62.0
SAMD00114755,59.0
SAMD00114954,62.0
SAMD00115020,69.0
SAMD00114761,30.0
SAMD00114912,78.0
SAMD00115013,28.0
SAMD00114782,44.0
SAMD00114727,61.0
SAMEA4817922,53.0
SAMEA4817940,75.0
SAMEA4817933,63.0
SAMEA4817947,64.0
SAMEA4817941,57.0
SAMEA4817913,75.0
SAMEA4817905,50.0
SAMEA4817909,45.0
SAMEA4817904,59.0
SAMEA4817954,57.0
SAMEA4817914,57.0
SAMEA4817896,59.0
SAMEA4817935,50.0
SAMEA4817897,59.0
SAMEA4817949,64.0
SAMEA4817934,75.0
SAMEA4817895,74.0
SAMEA4817958,60.0
SAMEA4817956,53.0
SAMEA4817955,48.0
SAMEA4817902,50.0
SAMEA4817952,58.0
SAMEA4817929,41.0
SAMEA4817928,53.0
SAMEA4817924,67.0
SAMEA4817972,37.0
SAMEA4817948,73.0
SAMEA4817962,54.0
SAMEA4817961,28.0
SAMEA4817932,64.0
SAMEA4817908,73.0
SAMEA4817973,39.0
SAMEA4817921,56.0
SAMEA4817966,66.0
SAMEA4817953,60.0
SAMEA4817900,85.0
SAMEA4817957,62.0
SAMEA4817930,61.0
SAMEA4817959,60.0
SAMEA4817937,79.0
SAMEA4817968,84.0
SAMEA4817938,81.0
SAMEA4817944,61.0
SAMEA4817917,61.0
SAMEA4817899,63.0
SAMEA4817906,81.0
SAMEA4817971,59.0
SAMEA4817969,73.0
SAMEA4817901,80.0
SAMEA4817945,63.0
SAMEA4817963,52.0
SAMEA4817950,56.0
SAMEA4817925,67.0
SAMEA4817946,50.0
SAMEA4817951,60.0
SAMN08366163,40.0
SAMN08366138,39.0
SAMN08366187,52.0
SAMN08366185,31.0
SAMN08366115,45.0
SAMN08366152,35.0
SAMN08366196,32.0
SAMN08366181,50.0
SAMN08366132,45.0
SAMN08366197,33.0
SAMN08366106,34.0
SAMN08366172,36.0
SAMN08366126,51.0
SAMN08366144,56.0
SAMN08366170,52.0
SAMN08366192,42.0
SAMN08366203,40.0
SAMN08366156,45.0
SAMN08366140,38.0
SAMN08357916,58.0
SAMN08366111,70.0
SAMN08366130,40.0
SAMN08366167,40.0
SAMN08366210,45.0
SAMN08366129,47.0
SAMN08366133,38.0
SAMN08366108,45.0
SAMN08366200,36.0
SAMN08366166,45.0
SAMN08366190,31.0
SAMN08366139,40.0
SAMN08366114,34.0
SAMN08366158,33.0
SAMN08366165,32.0
SAMN08366155,40.0
SAMN08366124,32.0
SAMN08366189,34.0
SAMN08366182,50.0
SAMN08366162,34.0
SAMN08366169,41.0
SAMN08366191,62.0
SAMN08366118,30.0
SAMN08366153,36.0
SAMN08366183,47.0
SAMN08366131,46.0
SAMN08366178,41.0
SAMN08366186,32.0
SAMN08366116,56.0
SAMN08366208,25.0
SAMN08357915,43.0
SAMN08366119,27.0
SAMN08366107,37.0
SAMN08366157,33.0
SAMN08366101,46.0
SAMN08366142,56.0
SAMN08366135,38.0
SAMN08366204,35.0
SAMN08366212,42.0
SAMN08366195,42.0
SAMN08366148,57.0
SAMN08366211,58.0
SAMN08366136,37.0
SAMN08366184,37.0
SAMN08366102,42.0
SAMN08366147,43.0
SAMN08366134,43.0
SAMN08366174,37.0
SAMN08366201,47.0
SAMN08366160,43.0
SAMN08366141,40.0
SAMN08366143,51.0
SAMN08366202,45.0
SAMN08366150,37.0
SAMN08366161,54.0
SAMN08366198,26.0
SAMN08366177,31.0
SAMN08366105,69.0
SAMN08366149,45.0
SAMN08366180,37.0
SAMN08366168,51.0
SAMN08366109,34.0
SAMN08366154,49.0
SAMN08366188,23.0
SAMN08366123,32.0
SAMN08366209,43.0
SAMN08366127,54.0
SAMN08366146,46.0
SAMN08366120,32.0
SAMN08366113,52.0
SAMN08366110,60.0
SAMN08366159,54.0
SAMN08366103,53.0
SAMN08366176,58.0
SAMN08366117,49.0
SAMN08366164,48.0
SAMN08366173,41.0
SAMN08366104,45.0
SAMN08366206,35.0
SAMN08366175,35.0
SAMN08366121,38.0
SAMN08366128,39.0
SAMN08366145,41.0
SAMN08366151,41.0
SAMN08366205,54.0
SAMN08366194,43.0
SAMN06348115,33.0
SAMN06348196,17.0
SAMN06348114,31.0
SAMN06348145,18.0
SAMN06348195,27.0
SAMN06348197,30.0
SAMN06348151,28.0
SAMN06348125,25.0
SAMN06348122,24.0
SAMN06348184,31.0
SAMN06348124,39.0
SAMN06348173,48.0
SAMN06348137,49.0
SAMN06348116,37.0
SAMN06348128,23.0
SAMN06348182,32.0
SAMN06348176,21.0
SAMN06348194,19.0
SAMN06348117,35.0
SAMN06348164,27.0
SAMN06348123,32.0
SAMN06348165,32.0
SAMN06348119,48.0
SAMN06348156,36.0
SAMN06348113,34.0
SAMN06348154,21.0
SAMN06348172,47.0
SAMN06348118,45.0
SAMN06348178,31.0
SAMN06348185,28.0
SAMN06348104,41.0
SAMN06348143,27.0
SAMN06348160,35.0
SAMN06348107,34.0
SAMN06348167,56.0
SAMN06348121,34.0
SAMN06348189,29.0
SAMN06348108,32.0
SAMN06348144,38.0
SAMN06348126,48.0
SAMN06348183,31.0
SAMN06348112,42.0
SAMN06348200,38.0
SAMN06348191,45.0
SAMN06348174,39.0
SAMN06348170,43.0
SAMN06348135,45.0
SAMN06348187,37.0
SAMN06348192,40.0
SAMN06348181,41.0
SAMN06348175,42.0
SAMN06348133,31.0
SAMN06348186,34.0
SAMN06348199,24.0
SAMN06348161,26.0
SAMN06348159,33.0
SAMN06348171,42.0
SAMN06348132,40.0
SAMN06348157,45.0
SAMN06348166,41.0
SAMN06348198,56.0
SAMN06348140,40.0
SAMN06348111,40.0
SAMN06348149,40.0
SAMN06348127,25.0
SAMN06348120,35.0
SAMN06348179,35.0
SAMN06348110,51.0
SAMN06348162,71.0
SAMN06348168,39.0
SAMN06348150,30.0
SAMN06348136,32.0
SAMN06348129,36.0
SAMN06348158,36.0
SAMN06348138,24.0
SAMN06348190,34.0
SAMN06348180,24.0
SAMN06348147,40.0
SAMN06348148,39.0
SAMN06348141,36.0
SAMN06348169,37.0
SAMN06348188,30.0
SAMN06348131,30.0
SAMN06348142,34.0
SAMN06348134,46.0
SAMN06348130,28.0
SAMN06348105,52.0
SAMN06348139,33.0
SAMN06348152,30.0
SAMN06348109,40.0
SAMN06348163,27.0
SAMN06348193,27.0
SAMN06348155,29.0
SAMN06348177,43.0
SAMEA3449421,62.38193018
SAMEA3449379,68.89527721
SAMEA3449248,69.5633128
SAMEA3449292,35.71252567
SAMEA3449360,51.71526352
SAMEA3449221,62.90759754
SAMEA3449149,49.89185489
SAMEA3449177,67.80287474
SAMEA3449369,64.53114305
SAMEA3449287,77.17453799
SAMEA3449355,64.99657769
SAMEA3449198,62.59548255
SAMEA3449300,62.90759754
SAMEA3449273,60.81040383
SAMEA3449278,68.89527721
SAMEA3449179,47.6386037
SAMEA3449260,56.23545517
SAMEA3449210,62.36002738
SAMEA3449185,73.44558522
SAMEA3449375,47.42778919
SAMEA3449328,50.40657084
SAMEA3449211,56.19438741
SAMEA3449361,62.02053388
SAMEA3449279,64.66255989
SAMEA3449333,61.78234086
SAMEA3449368,64.53114305
SAMEA3449283,69.52224504
SAMEA3449181,54.03696099
SAMEA3449269,65.45379877
SAMEA3449212,56.19438741
SAMEA3449208,52.01368925
SAMEA3449301,47.49075975
SAMEA3449320,42.12731006
SAMEA3449186,73.44558522
SAMEA3449354,64.99657769
SAMEA3449276,54.05065024
SAMEA3449271,72.04928131
SAMEA3449317,47.42778919
SAMEA3449209,62.36002738
SAMEA3449304,57.99041752
SAMEA3449357,50.6201232
SAMEA3449342,65.08145106
SAMEA3449195,77.17453799
SAMEA3449284,70.38193018
SAMEA3449326,69.28678987
SAMEA3449366,72.65160849
SAMEA3449345,62.12183436
SAMEA3449265,79.19780972
SAMEA3449347,61.72210815
SAMEA3449319,42.12731006
SAMEA3449370,65.0349076
SAMEA3449282,50.54620123
SAMEA3449378,62.86379192
SAMEA3449277,62.86379192
SAMEA3449372,58.69404517
SAMEA3449166,66.01779603
SAMEA3449160,60.81040383
SAMEA3449171,69.28678987
SAMEA3449324,66.01779603
SAMEA3449295,49.52498289
SAMEA3449285,60.99110198
SAMEA3449218,61.78234086
SAMEA3449240,64.84873374
SAMEA3449189,68.52566735
SAMEA3449289,76.33127995
SAMEA3449215,42.73511294
SAMEA3449228,59.20602327
SAMEA3449235,69.64271047
SAMEA3449348,57.14715948
SAMEA3449238,57.99041752
SAMEA3449424,67.04449008
SAMEA3449197,62.59548255
SAMEA3449191,41.55509925
SAMEA3449349,57.15811088
SAMEA3449263,51.71526352
SAMEA3449274,68.28473648
SAMEA3449182,54.03696099
SAMEA3449343,46.51608487
SAMEA3449330,70.7652293
SAMEA3449257,62.38193018
SAMEA3449331,60.99110198
SAMEA3449165,63.16769336
SAMEA3449183,57.41546886
SAMEA3449184,57.41546886
SAMEA3449371,65.0349076
SAMEA3449310,55.74537988
SAMEA3449156,52.96646133
SAMEA3449258,68.62422998
SAMEA3449293,64.56125941
SAMEA3449302,54.82819986
SAMEA3449376,41.93566051
SAMEA3449187,70.7652293
SAMEA3449312,66.64202601
SAMEA3449332,41.55509925
SAMEA3449296,49.52498289
SAMEA3449329,50.54620123
SAMEA3449224,38.33264887
SAMEA3449374,71.81382615
SAMEA3449264,79.19780972
SAMEA3449358,64.50102669
SAMEA3449316,57.14715948
SAMEA3449176,68.18617385
SAMEA3449241,46.51608487
SAMEA3449321,66.63381246
SAMEA3449303,64.46269678
SAMEA3449175,63.98083504
SAMEA3449344,66.64202601
SAMEA3449170,64.30937714
SAMEA3449373,59.94798084
SAMEA3449180,47.64134155
SAMEA3449267,71.81382615
SAMEA3449158,72.70362765
SAMEA3449261,67.43874059
SAMEA3449359,67.04449008
SAMEA3449254,57.15811088
SAMEA3449422,68.62422998
SAMEA3449262,64.50102669
SAMEA3449204,35.71252567
SAMEA3449150,49.89185489
SAMEA3449227,51.17043121
SAMEA3449222,64.64613279
SAMEA3449207,64.56125941
SAMEA3449178,67.80287474
SAMEA3449229,53.724846
SAMEA3449325,54.05065024
SAMEA3449239,59.25256674
SAMEA3449169,64.30937714
SAMEA3449159,72.70362765
SAMEA3449327,68.18617385
SAMEA3449280,64.66255989
SAMN07521665,40.0
SAMN07521571,30.0
SAMN07509569,41.0
SAMN07509564,43.0
SAMN07509575,22.0
SAMN07509556,24.0
SAMN07509559,26.0
SAMN07509553,30.0
SAMN11283185,33.0
SAMN11283184,47.0
SAMN11283208,34.0
SAMN11283209,40.0
SAMN11283210,18.0
SAMN11283182,25.0
SAMN11283172,40.0
SAMN11283174,28.0
SAMN11283175,28.0
SAMN11283168,45.0
SAMN11283169,30.0
SAMN11283171,20.0
SAMN11283177,28.0
SAMN11283207,20.0
SAMN11283206,25.0
SAMN11283202,28.0
SAMN11283190,27.0
SAMN11283191,25.0
SAMN11283189,20.0
SAMN11283194,34.0
SAMN11283167,36.0
SAMN11283166,61.0
SAMN11283205,20.0
SAMN11283204,31.0
SAMN11283163,18.0
SAMN11283162,31.0
SAMN11283165,22.0
SAMN11283164,20.0
SAMN11283161,24.0
SAMN11283160,30.0
SAMN11283181,31.0
SAMN11283156,28.0
SAMN11283155,34.0
SAMN11283149,25.0
SAMN11283148,24.0
SAMN11283151,30.0
SAMN11283150,20.0
SAMN11265215,34.0
SAMN11265216,33.0
SAMN11265219,24.0
SAMN11265220,28.0
SAMN11265222,28.0
SAMN11265244,34.0
SAMN11265243,31.0
SAMN11265239,43.0
SAMN11265238,38.0
SAMN11265256,34.0
SAMN11265255,20.0
SAMN11265258,31.0
SAMN11265257,24.0
SAMN11265253,41.0
SAMN11265254,25.0
SAMN11265250,31.0
SAMN11265251,34.0
SAMN11265225,45.0
SAMN11265226,36.0
SAMN11265229,34.0
SAMN11265230,41.0
SAMN11265233,40.0
SAMEA4545341,51.0
SAMEA4545340,51.0
SAMEA4545401,45.0
SAMEA4545400,45.0
SAMEA4545288,48.0
SAMEA4545289,48.0
SAMEA4545380,45.0
SAMEA4545381,45.0
SAMEA4545297,45.0
SAMEA4545327,36.0
SAMEA4545326,36.0
SAMEA4545430,71.0
SAMEA4545431,71.0
SAMEA4545389,37.0
SAMEA4545388,37.0
SAMEA4545312,58.0
SAMEA4545313,58.0
SAMEA4545360,75.0
SAMEA4545361,75.0
SAMEA4545365,47.0
SAMEA4545364,47.0
SAMEA4545281,29.0
SAMEA4545280,29.0
SAMEA4545362,40.0
SAMEA4545363,40.0
SAMEA4545372,42.0
SAMEA4545373,42.0
SAMEA4545284,29.0
SAMEA4545285,29.0
SAMEA4545394,33.0
SAMEA4545395,33.0
SAMEA4545406,54.0
SAMEA4545407,54.0
SAMEA4545446,35.0
SAMEA4545282,48.0
SAMEA4545447,35.0
SAMEA4545283,48.0
SAMEA4545420,43.0
SAMEA4545421,43.0
SAMEA4545309,33.0
SAMEA4545308,33.0
SAMEA4545397,40.0
SAMEA4545396,40.0
SAMEA4545434,50.0
SAMEA4545435,50.0
SAMEA4545423,34.0
SAMEA4545422,34.0
SAMEA4545450,36.0
SAMEA4545451,36.0
SAMEA4545333,55.0
SAMEA4545332,55.0
SAMEA4545357,66.0
SAMEA4545356,66.0
SAMEA4545303,42.0
SAMEA4545302,42.0
SAMEA4545528,36.0
SAMEA4545523,36.0
SAMEA4545453,48.0
SAMEA4545455,48.0
SAMEA4545533,38.0
SAMEA4545458,48.0
SAMEA4545487,36.0
SAMEA4545464,49.0
SAMEA4545555,46.0
SAMEA4545512,38.0
SAMEA4545492,36.0
SAMEA4545459,48.0
SAMEA4545490,36.0
SAMEA4545537,40.0
SAMEA4545524,36.0
SAMEA4545536,40.0
SAMEA4545454,48.0
SAMEA4545462,48.0
SAMEA4545456,48.0
SAMEA4545460,48.0
SAMEA4545461,48.0
SAMEA4545488,36.0
SAMEA4545491,36.0
SAMEA4545511,38.0
SAMEA4545457,48.0
SAMEA4545513,38.0
SAMEA4545529,38.0
SAMEA4545463,48.0
SAMEA4545465,19.0
SAMEA4545554,46.0
SAMEA4545452,48.0
SAMEA4545538,40.0
SAMEA4545489,36.0
SAMEA4545509,38.0
SAMEA4545508,38.0
SAMEA4545510,38.0
SAMEA4545530,36.0
SAMN13705472,74.0
SAMN13705471,80.0
SAMN13705470,62.0
SAMN13705469,59.0
SAMN13705468,64.0
SAMN13705467,62.0
SAMN13705465,75.0
SAMN13705464,62.0
SAMN13705463,74.0
SAMN13705462,62.0
SAMN13705461,78.0
SAMN13705459,61.0
SAMN13705458,61.0
SAMN13705457,80.0
SAMN13705456,85.0
SAMN13705454,58.0
SAMN13705453,64.0
SAMN13705451,69.0
SAMN13705449,70.0
SAMN13705448,67.0
SAMN13705447,35.0
SAMN13705446,55.0
SAMN13705444,72.0
SAMN13705443,66.0
SAMN13705442,65.0
SAMN13705441,67.0
SAMN13705440,70.0
SAMN13705439,32.0
SAMN13705438,73.0
SAMN13705437,60.0
SAMN13705436,75.0
SAMN13705435,66.0
SAMN13705434,65.0
SAMN13705433,70.0
SAMN13705432,62.0
SAMN13705431,76.0
SAMN13705430,65.0
SAMN13705429,62.0
SAMN13705428,64.0
SAMN13705427,61.0
SAMN13705426,53.0
SAMN13705425,64.0
SAMN13705424,55.0
SAMN15195538,34.0
SAMN15195433,33.0
SAMN15195449,43.0
SAMN15195436,40.0
SAMN15195441,36.0
SAMN15195527,35.0
SAMN15195532,38.0
SAMN15195523,43.0
SAMN15195526,43.0
SAMN15195443,35.0
SAMN15195444,37.0
SAMN15195448,39.0
SAMN15195411,44.0
SAMN15195430,40.0
SAMN15195413,37.0
SAMN15195534,39.0
SAMN15195531,40.0
SAMN15195530,43.0
SAMN15195540,45.0
SAMN15195417,43.0
SAMN15195541,42.0
SAMN15195435,42.0
SAMN15195422,36.0
SAMN15195416,42.0
SAMN15195425,39.0
SAMN15195524,39.0
SAMN15195429,38.0
SAMN15195533,32.0
SAMN15195536,45.0
SAMN15195438,33.0
SAMN15195439,45.0
SAMN15195424,40.0
SAMN15195563,38.0
SAMN15195459,67.0
SAMN15195476,47.0
SAMN15195462,56.0
SAMN15195485,30.0
SAMN15195518,42.0
SAMN15195491,42.0
SAMN15195480,63.0
SAMN15195455,36.0
SAMN15195502,29.0
SAMN15195557,44.0
SAMN15195558,48.0
SAMN15195560,33.0
SAMN15195566,43.0
SAMN15195569,46.0
SAMN15195575,52.0
SAMN15195548,32.0
SAMN15195473,37.0
SAMN15195479,37.0
SAMN15195458,42.0
SAMN15195463,60.0
SAMN15195486,38.0
SAMN15195553,39.0
SAMN15195500,58.0
SAMN15195568,40.0
SAMN15195552,52.0
SAMN15195470,27.0
SAMN15195513,51.0
SAMN15195488,31.0
SAMN15195572,57.0
SAMN15195517,32.0
SAMN15195461,57.0
SAMN15195493,66.0
SAMN15195484,45.0
SAMN15195460,43.0
SAMN15195556,41.0
SAMN15195550,69.0
SAMN15195466,24.0
SAMN15195501,55.0
SAMN15195511,32.0
SAMN15195543,42.0
SAMN15195471,27.0
SAMN15195483,36.0
SAMN15195474,44.0
SAMN15195542,50.0
SAMN15195464,34.0
SAMN15195505,46.0
SAMN15195506,40.0
SAMN15195565,47.0
SAMN15195554,47.0
SAMN15195573,42.0
SAMN15195465,63.0
SAMN15195481,42.0
SAMN15195489,46.0
SAMN15195467,34.0
SAMN15195519,56.0
SAMN15195490,40.0
SAMN15195494,64.0
SAMN15195503,38.0
SAMN15195514,34.0
SAMN15195551,68.0
SAMN15195570,51.0
SAMN15195498,52.0
SAMN15195504,39.0
SAMN15195512,37.0
SAMN15195549,57.0
SAMN15195564,60.0
SAMN15195567,37.0
SAMN15195468,44.0
SAMN15195453,24.0
SAMN15195555,41.0
SAMN15195457,58.0
SAMN15195545,34.0
SAMN15195475,32.0
SAMN15195456,26.0
SAMN15195508,68.0
SAMN15195559,69.0
SAMN15195561,51.0
SAMN15195482,44.0
SAMN15195515,32.0
SAMN15195472,30.0
SAMN15195487,39.0
SAMN15195477,39.0
SAMN15195516,28.0
SAMN15195492,62.0
SAMN15195509,40.0
SAMN15195495,58.0
SAMN15195547,40.0
SAMN15195469,39.0
SAMN15195496,38.0
SAMN15195546,48.0
SAMN15195454,49.0
SAMN15195507,52.0
SAMN15195571,45.0
SAMN15195574,50.0
SAMN15195452,40.0
SAMN15195499,46.0
SAMN15195544,44.0
SAMN15195510,33.0
SAMN15195497,52.0
SAMD00114969,56.0
SAMD00164912,61.0
SAMD00114943,47.0
SAMD00164946,69.0
SAMD00164838,65.0
SAMD00164919,71.0
SAMD00164869,76.0
SAMD00164910,59.0
SAMD00164778,74.0
SAMD00164842,75.0
SAMD00164839,65.0
SAMD00164836,60.0
SAMD00164779,65.0
SAMD00164852,65.0
SAMD00164988,72.0
SAMD00114846,66.0
SAMD00164940,58.0
SAMD00115006,72.0
SAMD00164880,78.0
SAMD00114729,63.0
SAMD00114922,67.0
SAMD00165009,73.0
SAMD00115030,65.0
SAMD00164981,76.0
SAMD00114960,62.0
SAMD00114852,72.0
SAMD00114925,50.0
SAMD00164883,66.0
SAMD00164830,66.0
SAMD00164834,66.0
SAMD00115021,73.0
SAMD00164767,61.0
SAMD00164889,64.0
SAMD00114748,64.0
SAMD00164843,61.0
SAMD00164769,58.0
SAMD00164831,74.0
SAMD00164944,64.0
SAMD00164863,61.0
SAMD00114743,69.0
SAMD00164979,69.0
SAMD00164913,68.0
SAMD00164841,58.0
SAMD00114875,70.0
SAMD00114762,67.0
SAMD00164903,50.0
SAMD00164845,72.0
SAMD00164822,73.0
SAMD00164846,66.0
SAMD00164817,59.0
SAMD00114786,61.0
SAMD00164771,69.0
SAMD00114972,54.0
SAMD00164970,72.0
SAMD00114914,65.0
SAMD00164864,46.0
SAMD00114788,57.0
SAMD00164885,54.0
SAMD00114759,71.0
SAMD00114790,73.0
SAMD00164997,57.0
SAMD00114768,60.0
SAMD00114886,65.0
SAMD00115010,71.0
SAMD00164826,61.0
SAMD00164818,48.0
SAMD00164905,66.0
SAMD00114978,76.0
SAMD00164984,64.0
SAMD00114902,78.0
SAMD00164820,67.0
SAMD00164989,53.0
SAMD00114746,63.0
SAMD00114811,69.0
SAMD00114749,73.0
SAMD00164847,58.0
SAMD00164860,79.0
SAMD00114857,65.0
SAMD00164721,64.0
SAMD00114856,51.0
SAMD00114927,73.0
SAMD00114879,66.0
SAMD00114740,51.0
SAMD00114870,75.0
SAMD00114738,76.0
SAMD00114897,69.0
SAMD00114921,39.0
SAMD00114774,69.0
SAMD00114804,73.0
SAMD00114919,63.0
SAMD00114924,69.0
SAMD00114916,63.0
SAMD00164867,62.0
SAMD00165018,73.0
SAMD00164858,72.0
SAMD00165000,77.0
SAMD00165019,46.0
SAMD00164776,66.0
SAMD00114776,69.0
SAMD00114728,45.0
SAMD00114814,53.0
SAMD00114754,60.0
SAMD00164854,75.0
SAMD00114816,70.0
SAMD00164987,71.0
SAMD00164928,73.0
SAMD00164871,62.0
SAMD00164884,73.0
SAMD00164868,66.0
SAMD00114952,60.0
SAMD00164968,75.0
SAMD00164866,67.0
SAMD00114794,47.0
SAMD00114806,61.0
SAMD00114764,65.0
SAMD00114732,68.0
SAMD00115034,62.0
SAMD00164974,71.0
SAMD00114739,73.0
SAMD00114726,66.0
SAMD00115011,73.0
SAMD00115028,61.0
SAMD00164978,51.0
SAMD00165002,45.0
SAMD00114877,71.0
SAMD00165011,55.0
SAMD00114939,64.0
SAMD00114868,51.0
SAMD00114910,69.0
SAMD00164821,46.0
SAMD00164844,75.0
SAMD00164780,48.0
SAMD00114905,73.0
SAMD00114909,56.0
SAMD00114766,64.0
SAMD00114903,70.0
SAMD00114951,73.0
SAMD00114835,50.0
SAMD00164859,63.0
SAMD00165017,74.0
SAMD00164985,63.0
SAMD00114723,47.0
SAMD00114958,61.0
SAMD00165005,67.0
SAMD00114911,52.0
SAMD00114883,64.0
SAMD00114836,68.0
SAMD00165006,69.0
SAMD00164851,73.0
SAMD00114793,62.0
SAMD00164695,58.0
SAMD00115029,64.0
SAMD00165016,67.0
SAMD00115007,57.0
SAMD00164937,64.0
SAMD00114944,77.0
SAMD00114799,73.0
SAMD00114808,76.0
SAMD00114733,66.0
SAMD00114948,72.0
SAMD00115031,70.0
SAMD00114941,68.0
SAMD00164992,68.0
SAMD00164832,55.0
SAMD00164850,48.0
SAMD00164980,69.0
SAMD00164932,68.0
SAMD00114823,69.0
SAMD00114848,74.0
SAMD00114896,74.0
SAMD00114934,55.0
SAMD00114935,53.0
SAMD00114965,52.0
SAMD00164907,51.0
SAMD00114777,70.0
SAMD00115014,57.0
SAMD00164991,59.0
SAMD00164861,44.0
SAMD00164812,62.0
SAMD00115026,71.0
SAMD00114744,52.0
SAMD00114844,71.0
SAMD00114878,47.0
SAMD00164977,60.0
SAMD00164971,49.0
SAMD00114907,58.0
SAMD00114797,63.0
SAMD00165003,59.0
SAMD00114933,64.0
SAMD00114956,59.0
SAMD00164976,43.0
SAMD00165007,68.0
SAMD00164995,58.0
SAMD00164694,69.0
SAMD00164994,40.0
SAMD00114775,49.0
SAMD00165012,48.0
SAMD00114841,60.0
SAMD00114810,52.0
SAMD00114750,73.0
SAMD00114891,77.0
SAMD00114949,60.0
SAMD00164993,68.0
SAMD00114742,67.0
SAMD00164829,67.0
SAMD00114817,59.0
SAMD00114822,63.0
SAMD00114957,59.0
SAMD00164982,64.0
SAMD00114894,67.0
SAMD00165014,59.0
SAMD00114772,49.0
SAMD00164990,64.0
SAMD00164998,61.0
SAMD00164745,58.0
SAMD00164975,48.0
SAMD00114917,49.0
SAMN08049775,67.0
SAMN08049776,22.0
SAMN08049675,47.0
SAMN08049739,61.0
SAMN08049741,33.0
SAMN08049742,32.0
SAMN08049660,26.0
SAMN08049646,23.0
SAMN08049658,24.0
SAMN08049659,24.0
SAMN08049647,23.0
SAMN08049666,43.0
SAMN08049655,24.0
SAMN08049654,24.0
SAMN08049652,30.0
SAMN08049650,44.0
SAMN08049829,53.0
SAMN08049828,35.0
SAMN08049827,35.0
SAMN08049826,28.0
SAMN08049825,35.0
SAMN08049823,33.0
SAMN08049822,26.0
SAMN08049821,41.0
SAMN08049820,40.0
SAMN08049722,82.0
SAMN08049642,23.0
SAMN08049644,25.0
SAMN08049645,27.0
SAMN08049657,23.0
SAMN08049656,24.0
SAMN08049731,30.0
SAMN08049734,31.0
SAMN08049733,30.0
SAMN08049736,32.0
SAMN08049735,30.0
SAMN08049633,32.0
SAMN08049649,26.0
SAMN08049648,26.0
SAMN08049840,52.0
SAMN08049841,51.0
SAMN08049713,58.0
SAMN08049839,32.0
SAMN08049838,40.0
SAMN08049833,49.0
SAMN08049832,50.0
SAMN08049831,51.0
SAMN08049830,53.0
SAMN08049837,46.0
SAMN08049836,32.0
SAMN08049835,36.0
SAMN08049834,48.0
SAMN08049661,25.0
SAMN08049678,39.0
SAMN08049679,62.0
SAMN08049824,32.0
SAMN08049798,36.0
SAMN08049777,44.0
SAMN08049669,60.0
SAMN08049668,36.0
SAMN08049674,40.0
SAMN08049676,42.0
SAMN08049743,24.0
SAMN08049745,29.0
SAMN08049746,73.0
SAMN08049664,58.0
SAMN08049665,61.0
SAMN08049662,64.0
SAMN08049801,48.0
SAMN08049800,52.0
SAMN08049754,28.0
SAMN08049753,26.0
SAMN08049750,43.0
SAMN08049749,31.0
SAMN08049640,34.0
SAMN08049757,22.0
SAMN08049641,58.0
SAMN08049809,21.0
SAMN08049808,38.0
SAMN08049721,30.0
SAMN08049719,77.0
SAMN08049728,21.0
SAMN08049691,41.0
SAMN08049730,30.0
SAMN08049729,25.0
SAMN08049732,51.0
SAMN08049738,28.0
SAMN08049698,51.0
SAMN08049697,36.0
SAMN08049635,29.0
SAMN08049634,49.0
SAMN08049631,38.0
SAMN08049632,55.0
SAMN08049627,58.0
SAMN08049626,58.0
SAMN08049628,28.0
SAMN08049707,42.0
SAMN08049708,30.0
SAMN08049705,46.0
SAMN08049706,57.0
SAMN08049699,54.0
SAMN08049624,59.0
SAMN08049625,52.0
SAMN08049622,68.0
SAMN08049623,67.0
SAMN08049620,41.0
SAMN08049621,51.0
SAMN08049618,38.0
SAMN08049619,50.0
SAMN08049717,29.0
SAMN08049712,61.0
SAMN08049711,31.0
SAMN08049710,55.0
SAMN08049709,31.0
SAMN08049715,61.0
SAMN08049714,35.0
SAMN08049818,51.0
SAMN08049819,43.0
SAMN08049688,26.0
SAMN08049695,66.0
SAMN08049694,27.0
SAMN08049693,25.0
SAMN08049811,42.0
SAMN08049813,44.0
SAMN08049814,71.0
SAMN08049816,32.0
SAMN08049817,38.0
SAMN08049785,43.0
SAMN08049782,30.0
SAMN08049682,30.0
SAMN08049683,24.0
SAMN08049684,24.0
SAMN08049680,29.0
SAMN08049681,47.0
SAMN08049806,45.0
SAMN08049805,55.0
SAMN08049802,50.0
SAMN08049761,26.0
SAMN08049759,24.0
SAMN08049663,32.0
SAMN08049790,80.0
SAMN08049797,67.0
SAMN08049796,19.0
SAMN08049795,28.0
SAMN08049794,23.0
SAMN08049778,64.0
SAMN08049774,68.0
SAMN08049771,59.0
SAMN08049770,30.0
SAMN08049773,35.0
SAMN08049772,71.0
SAMN08049671,37.0
SAMN08049670,26.0
SAMN08049673,22.0
SAMN08049672,21.0
SAMN08049677,65.0
SAMN08049747,74.0
SAMN08049748,23.0
SAMN08049740,36.0
SAMN08049744,31.0
SAMN08049756,55.0
SAMN08049755,27.0
SAMN08049752,38.0
SAMN08049751,63.0
SAMN08049653,32.0
SAMN08049758,33.0
SAMN08049720,74.0
SAMN08049725,31.0
SAMN08049726,29.0
SAMN08049723,68.0
SAMN08049724,30.0
SAMN08049636,40.0
SAMN08049637,29.0
SAMN08049727,28.0
SAMN08049643,58.0
SAMN08049692,28.0
SAMN08049737,37.0
SAMN08049630,71.0
SAMN08049629,24.0
SAMN08049703,72.0
SAMN08049704,64.0
SAMN08049701,64.0
SAMN08049702,27.0
SAMN08049718,71.0
SAMN08049716,27.0
SAMN08049690,32.0
SAMN08049810,68.0
SAMN08049812,65.0
SAMN08049815,21.0
SAMN08049784,28.0
SAMN08049786,29.0
SAMN08049787,28.0
SAMN08049780,63.0
SAMN08049781,61.0
SAMN08049783,64.0
SAMN08049788,30.0
SAMN08049789,70.0
SAMN08049686,69.0
SAMN08049687,66.0
SAMN08049685,25.0
SAMN08049807,67.0
SAMN08049804,77.0
SAMN08049803,28.0
SAMN08049767,62.0
SAMN08049768,41.0
SAMN08049766,76.0
SAMN08049763,29.0
SAMN08049764,31.0
SAMN08049762,75.0
SAMN08049760,62.0
SAMN08049793,67.0
SAMN08049792,28.0
SAMN08049791,75.0
SAMN06831159,24.0
SAMN06831158,31.0
SAMN06831132,48.0
SAMN06831103,68.0
SAMN06831096,32.0
SAMN06831099,31.0
SAMN06831186,63.0
SAMN06831248,25.0
SAMN06831252,62.0
SAMN06831245,69.0
SAMN06831214,32.0
SAMN06831138,59.0
SAMN06831142,55.0
SAMN06831140,22.0
SAMN06831203,34.0
SAMN06831200,50.0
SAMN06831195,26.0
SAMN06831222,21.0
SAMN06831224,31.0
SAMN06831146,49.0
SAMN06831147,43.0
SAMN06831153,60.0
SAMN06831114,42.0
SAMN06831122,27.0
SAMN06831128,44.0
SAMN06831129,25.0
SAMN06831095,65.0
SAMN06831235,31.0
SAMN06831240,22.0
SAMN06831244,29.0
SAMN06831242,34.0
SAMN06831241,27.0
SAMN06831112,44.0
SAMN06831107,29.0
SAMN06831185,35.0
SAMN06831189,33.0
SAMN06831190,69.0
SAMN06831187,63.0
SAMN06831188,69.0
SAMN06831081,26.0
SAMN06831175,26.0
SAMN06831182,38.0
SAMN06831184,31.0
SAMN06831183,46.0
SAMN06831179,39.0
SAMN06831086,54.0
SAMN06831253,46.0
SAMN06831207,33.0
SAMN06831210,51.0
SAMN06831212,43.0
SAMN06831206,58.0
SAMN06831230,34.0
SAMN06831228,34.0
SAMN06831233,41.0
SAMN06831234,42.0
SAMN06831231,62.0
SAMN06831232,55.0
SAMN06831225,31.0
SAMN06831136,56.0
SAMN06831217,27.0
SAMN06831215,33.0
SAMN06831150,29.0
SAMN06831171,55.0
SAMN06831116,35.0
SAMEA7045073,25.0
SAMEA7041245,41.0
SAMEA7045454,30.0
SAMEA7041158,41.0
SAMEA7045584,21.0
SAMEA7045499,25.0
SAMEA7045211,19.0
SAMEA7045679,60.0
SAMEA7045636,47.0
SAMEA7045762,26.0
SAMEA7045777,24.0
SAMEA7045290,53.0
SAMEA7045112,28.0
SAMEA7045874,47.0
SAMEA7045574,59.0
SAMEA7045815,40.0
SAMEA7045467,51.0
SAMEA7045795,34.0
SAMEA7045911,37.0
SAMEA7045320,51.0
SAMEA7045515,62.0
SAMEA7045376,37.0
SAMEA7045321,57.0
SAMEA7045678,25.0
SAMEA7041265,25.0
SAMEA7045015,27.0
SAMEA7045227,57.0
SAMEA7045072,40.0
SAMEA7045585,49.0
SAMEA7045652,50.0
SAMEA7045240,33.0
SAMEA7045854,62.0
SAMEA7041181,27.0
SAMEA7045377,52.0
SAMEA7045512,55.0
SAMEA7045886,50.0
SAMEA7045680,27.0
SAMEA7045285,23.0
SAMEA7045229,32.0
SAMEA7045623,55.0
SAMEA7045450,24.0
SAMEA7045371,32.0
SAMEA7045563,34.0
SAMEA7045193,51.0
SAMEA7045812,57.0
SAMEA7045239,34.0
SAMEA7045123,31.0
SAMEA7045802,47.0
SAMEA7045108,25.0
SAMEA7041173,19.0
SAMEA7045915,38.0
SAMEA7045730,57.0
SAMEA7041250,26.0
SAMEA7041141,63.0
SAMEA7045009,24.0
SAMEA7045471,55.0
SAMEA7045896,40.0
SAMEA7045936,27.0
SAMEA7045416,20.0
SAMEA7041175,42.0
SAMEA7045826,53.0
SAMEA7045134,20.0
SAMEA7045448,34.0
SAMEA7045742,56.0
SAMEA7045420,32.0
SAMEA7045791,20.0
SAMEA7041237,40.0
SAMEA7041145,25.0
SAMEA7045182,29.0
SAMEA7045446,29.0
SAMEA7045387,40.0
SAMEA7045017,36.0
SAMEA7041269,51.0
SAMEA7045266,27.0
SAMEA7041257,38.0
SAMEA7045579,52.0
SAMEA7045405,60.0
SAMEA7045432,34.0
SAMEA7045207,50.0
SAMEA7045604,28.0
SAMEA7045765,35.0
SAMEA7041268,53.0
SAMEA7045151,28.0
SAMEA7045049,54.0
SAMEA7045551,23.0
SAMEA7045662,47.0
SAMEA7045804,37.0
SAMEA7045317,64.0
SAMEA7045917,32.0
SAMEA7045910,61.0
SAMEA7045117,46.0
SAMEA7045527,53.0
SAMEA7041280,53.0
SAMEA7045821,25.0
SAMEA7045225,38.0
SAMEA7045706,25.0
SAMEA7045582,31.0
SAMEA7045175,57.0
SAMEA7045404,55.0
SAMEA7045262,20.0
SAMEA7045645,41.0
SAMEA7045779,41.0
SAMEA7045189,45.0
SAMEA7045282,59.0
SAMEA7045859,25.0
SAMEA7045164,63.0
SAMEA7045778,43.0
SAMEA7045611,49.0
SAMEA7045827,31.0
SAMEA7045619,50.0
SAMEA7045493,47.0
SAMEA7045776,40.0
SAMEA7045560,51.0
SAMEA7045561,41.0
SAMEA7045589,45.0
SAMEA7041137,38.0
SAMEA7045901,54.0
SAMEA7045002,49.0
SAMEA7045302,45.0
SAMEA7045045,54.0
SAMEA7045341,46.0
SAMEA7045553,50.0
SAMEA7045128,27.0
SAMEA7045615,25.0
SAMEA7045541,61.0
SAMEA7045465,41.0
SAMEA7045438,58.0
SAMEA7045663,51.0
SAMEA7045169,26.0
SAMEA7045167,53.0
SAMEA7045048,58.0
SAMEA7045625,47.0
SAMEA7041264,44.0
SAMEA7045814,35.0
SAMEA7045601,26.0
SAMEA7045921,47.0
SAMEA7045443,44.0
SAMEA7045728,36.0
SAMEA7045509,58.0
SAMEA7045043,43.0
SAMEA7041161,40.0
SAMEA7045308,54.0
SAMEA7041246,63.0
SAMEA7045418,49.0
SAMEA7045677,29.0
SAMEA7045368,28.0
SAMEA7045106,48.0
SAMEA7045836,20.0
SAMEA7041220,43.0
SAMEA7045945,50.0
SAMEA7045206,22.0
SAMEA7045440,28.0
SAMEA7041262,28.0
SAMEA7045063,26.0
SAMEA7045366,26.0
SAMEA7041176,36.0
SAMEA7045335,46.0
SAMEA7045926,42.0
SAMEA7045904,49.0
SAMEA7045060,32.0
SAMEA7041192,34.0
SAMEA7045681,53.0
SAMEA7045286,32.0
SAMEA7045235,48.0
SAMEA7045161,42.0
SAMEA7045715,26.0
SAMEA7045348,60.0
SAMEA7045414,64.0
SAMEA7045326,62.0
SAMEA7045423,35.0
SAMEA7045672,29.0
SAMEA7045026,20.0
SAMEA7045925,65.0
SAMEA7045391,41.0
SAMEA7045808,41.0
SAMEA7045442,63.0
SAMEA7045703,57.0
SAMEA7045082,25.0
SAMEA7045507,43.0
SAMEA7045413,29.0
SAMEA7045232,46.0
SAMEA7045050,33.0
SAMEA7045122,50.0
SAMEA7041166,55.0
SAMEA7045687,43.0
SAMEA7045061,60.0
SAMEA7045439,49.0
SAMEA7045733,29.0
SAMEA7045813,28.0
SAMEA7045631,27.0
SAMEA7045205,43.0
SAMEA7045180,33.0
SAMEA7045682,63.0
SAMEA7045036,23.0
SAMEA7045583,45.0
SAMEA7045086,26.0
SAMEA7045090,33.0
SAMEA7045811,41.0
SAMEA7045079,42.0
SAMEA7045113,30.0
SAMEA7045853,28.0
SAMEA7045869,46.0
SAMEA7045283,61.0
SAMEA7045110,48.0
SAMEA7045878,35.0
SAMEA7045671,48.0
SAMEA7045142,24.0
SAMEA7045212,50.0
SAMEA7045170,37.0
SAMEA7045115,30.0
SAMEA7045521,64.0
SAMEA7045304,42.0
SAMEA7041135,63.0
SAMEA7045787,63.0
SAMEA7045782,45.0
SAMEA7045688,42.0
SAMEA7045369,39.0
SAMEA7045824,50.0
SAMEA7045488,31.0
SAMEA7045810,60.0
SAMEA7045863,32.0
SAMEA7045738,48.0
SAMEA7041190,47.0
SAMEA7041241,43.0
SAMEA7045564,42.0
SAMEA7045851,40.0
SAMEA7045729,50.0
SAMEA7041230,27.0
SAMEA7045275,47.0
SAMEA7045299,43.0
SAMEA7045042,27.0
SAMEA7045435,56.0
SAMEA7045222,39.0
SAMEA7045480,45.0
SAMEA7045719,45.0
SAMEA7045877,28.0
SAMEA7045244,26.0
SAMEA7045339,47.0
SAMEA7045484,31.0
SAMEA7045799,31.0
SAMEA7045865,41.0
SAMEA7045475,50.0
SAMEA7045547,29.0
SAMEA7045291,56.0
SAMEA7045789,49.0
SAMEA7045744,33.0
SAMEA7045941,47.0
SAMEA7045218,40.0
SAMEA7045272,40.0
SAMEA7045255,26.0
SAMEA7045310,53.0
SAMEA7045433,31.0
SAMEA7045188,24.0
SAMEA7045752,35.0
SAMEA7045462,48.0
SAMEA7045069,25.0
SAMEA7045793,59.0
SAMEA7045187,62.0
SAMEA7045461,40.0
SAMEA7041170,32.0
SAMEA7045913,27.0
SAMEA7045798,58.0
SAMEA7045536,40.0
SAMEA7045934,41.0
SAMEA7045055,27.0
SAMEA7041222,31.0
SAMEA7045528,60.0
SAMEA7045609,31.0
SAMEA7041169,48.0
SAMEA7045887,37.0
SAMEA7045511,40.0
SAMEA7045807,64.0
SAMEA7045711,45.0
SAMEA7045181,49.0
SAMEA7045126,30.0
SAMEA7045358,53.0
SAMEA7045173,54.0
SAMEA7045013,61.0
SAMEA7041244,58.0
SAMEA7045494,41.0
SAMEA7045797,41.0
SAMEA7045683,48.0
SAMEA7041151,33.0
SAMEA7041143,36.0
SAMEA7045593,52.0
SAMEA7045236,31.0
SAMEA7045953,63.0
SAMEA7045114,40.0
SAMEA7041242,49.0
SAMEA7045265,55.0
SAMEA7045701,64.0
SAMEA7045617,47.0
SAMEA7045942,45.0
SAMEA7045293,52.0
SAMEA7045083,24.0
SAMEA7045562,25.0
SAMEA7045675,42.0
SAMEA7041174,40.0
SAMEA7045580,45.0
SAMEA7045784,40.0
SAMEA7045137,48.0
SAMEA7045434,65.0
SAMEA7045261,48.0
SAMEA7045468,33.0
SAMEA7045754,21.0
SAMEA7045592,54.0
SAMEA7045245,47.0
SAMEA7045608,22.0
SAMEA7045338,52.0
SAMEA7045873,25.0
SAMEA7045845,57.0
SAMEA7045156,47.0
SAMEA7045502,59.0
SAMEA7041148,32.0
SAMEA7045505,26.0
SAMEA7041197,46.0
SAMEA7045707,44.0
SAMEA7045650,30.0
SAMEA7045594,42.0
SAMEA7045537,59.0
SAMEA7045883,51.0
SAMEA7045119,24.0
SAMEA7041213,48.0
SAMEA7045133,47.0
SAMEA7045425,29.0
SAMEA7045074,44.0
SAMEA7045714,37.0
SAMEA7045503,18.0
SAMEA7041202,28.0
SAMEA7045037,38.0
SAMEA7045374,60.0
SAMEA7045311,53.0
SAMEA7045273,48.0
SAMEA7045595,23.0
SAMEA7045382,21.0
SAMEA7045716,32.0
SAMEA7045162,42.0
SAMEA7045353,65.0
SAMEA7045693,43.0
SAMEA7045053,48.0
SAMEA7045238,53.0
SAMEA7045697,37.0
SAMEA7045140,24.0
SAMEA7045332,42.0
SAMEA7041147,29.0
SAMEA7041231,40.0
SAMEA7045746,64.0
SAMEA7045279,31.0
SAMEA7045322,21.0
SAMEA7045780,19.0
SAMEA7045872,33.0
SAMEA7045449,27.0
SAMEA7045005,41.0
SAMEA7045871,45.0
SAMEA7045905,33.0
SAMEA7041134,24.0
SAMEA7045817,54.0
SAMEA7045041,40.0
SAMEA7045303,55.0
SAMEA7045855,54.0
SAMEA7045763,46.0
SAMEA7041233,41.0
SAMEA7045365,50.0
SAMEA7045614,33.0
SAMEA7045588,33.0
SAMEA7045950,27.0
SAMEA7045919,62.0
SAMEA7045884,24.0
SAMEA7041153,47.0
SAMEA7045530,46.0
SAMEA7045194,50.0
SAMEA7045309,62.0
SAMEA7045526,37.0
SAMEA7045213,64.0
SAMEA7045801,35.0
SAMEA7045476,48.0
SAMEA7041185,41.0
SAMEA7045127,52.0
SAMEA7045345,53.0
SAMEA7045044,46.0
SAMEA7045124,62.0
SAMEA7041218,40.0
SAMEA7045818,57.0
SAMEA7045111,41.0
SAMEA7041200,23.0
SAMEA7041278,44.0
SAMEA7045361,65.0
SAMEA7045668,48.0
SAMEA7045258,48.0
SAMEA7045267,51.0
SAMEA7045504,33.0
SAMEA7045145,58.0
SAMEA7045880,21.0
SAMEA7045287,49.0
SAMEA7041172,50.0
SAMEA7041211,48.0
SAMEA7045251,34.0
SAMEA7045174,31.0
SAMEA7045354,65.0
SAMEA7045280,29.0
SAMEA7045047,19.0
SAMEA7045573,35.0
SAMEA7045838,46.0
SAMEA7045740,30.0
SAMEA7045849,59.0
SAMEA7045843,58.0
SAMEA7045860,53.0
SAMEA7045771,39.0
SAMEA7045403,25.0
SAMEA7045375,52.0
SAMEA7045163,60.0
SAMEA7045616,35.0
SAMEA7045242,46.0
SAMEA7045661,43.0
SAMEA7045342,27.0
SAMEA7041159,24.0
SAMEA7045025,52.0
SAMEA7045395,46.0
SAMEA7045103,44.0
SAMEA7045431,45.0
SAMEA7045274,59.0
SAMEA7045300,63.0
SAMEA7045397,48.0
SAMEA7045897,60.0
SAMEA7045554,42.0
SAMEA7045482,40.0
SAMEA7045788,19.0
SAMEA7045067,44.0
SAMEA7045178,46.0
SAMEA7045637,54.0
SAMEA7045071,54.0
SAMEA7045144,42.0
SAMEA7045215,53.0
SAMEA7045696,30.0
SAMEA7045147,41.0
SAMEA7041165,38.0
SAMEA7041179,23.0
SAMEA7045231,63.0
SAMEA7045949,44.0
SAMEA7045022,48.0
SAMEA7041266,59.0
SAMEA7045640,63.0
SAMEA7045695,65.0
SAMEA7045898,46.0
SAMEA7045427,37.0
SAMEA7045259,49.0
SAMEA7045940,52.0
SAMEA7045858,56.0
SAMEA7045357,53.0
SAMEA7045916,49.0
SAMEA7045179,34.0
SAMEA7045039,41.0
SAMEA7041227,46.0
SAMEA7045856,31.0
SAMEA7045228,35.0
SAMEA7041209,65.0
SAMEA7045104,55.0
SAMEA7045334,23.0
SAMEA7045389,44.0
SAMEA7045656,64.0
SAMEA7045370,60.0
SAMEA7045105,54.0
SAMEA7045078,28.0
SAMEA7045260,52.0
SAMEA7045646,48.0
SAMEA7041186,39.0
SAMEA7045835,25.0
SAMEA7045233,56.0
SAMEA7041155,58.0
SAMEA7045379,47.0
SAMEA7041259,36.0
SAMEA7045699,21.0
SAMEA7045659,61.0
SAMEA7041263,23.0
SAMEA7045726,56.0
SAMEA7045518,52.0
SAMEA7045709,27.0
SAMEA7041261,43.0
SAMEA7045893,33.0
SAMEA7045586,51.0
SAMEA7045943,22.0
SAMEA7045247,59.0
SAMEA7045542,64.0
SAMEA7045599,65.0
SAMEA7045830,50.0
SAMEA7045519,30.0
SAMEA7045406,29.0
SAMEA7045165,19.0
SAMEA7045757,40.0
SAMEA7041182,53.0
SAMEA7041138,29.0
SAMEA7045529,52.0
SAMEA7045007,63.0
SAMEA7045424,43.0
SAMEA7045243,41.0
SAMEA7045665,60.0
SAMEA7045101,54.0
SAMEA7045306,29.0
SAMEA7045217,46.0
SAMEA7045805,62.0
SAMEA7041256,49.0
SAMEA7045885,57.0
SAMEA7045172,48.0
SAMEA7045621,54.0
SAMEA7045870,52.0
SAMEA7045214,39.0
SAMEA7041208,50.0
SAMEA7045867,58.0
SAMEA7045786,24.0
SAMEA7045054,27.0
SAMEA7045634,46.0
SAMEA7041253,24.0
SAMEA7045753,38.0
SAMEA7045629,25.0
SAMEA7045928,51.0
SAMEA7045944,53.0
SAMEA7045203,25.0
SAMEA7045951,61.0
SAMEA7045764,56.0
SAMEA7045277,60.0
SAMEA7045770,48.0
SAMEA7045408,65.0
SAMEA7041183,46.0
SAMEA7045517,62.0
SAMEA7045761,63.0
SAMEA7045626,59.0
SAMEA7045116,48.0
SAMEA7045224,35.0
SAMEA7045410,51.0
SAMEA7045412,42.0
SAMEA7045166,44.0
SAMEA7045642,33.0
SAMEA7045202,56.0
SAMEA7045508,42.0
SAMEA7045750,36.0
SAMEA7045024,42.0
SAMEA7041248,43.0
SAMEA7045281,42.0
SAMEA7045097,64.0
SAMEA7045850,51.0
SAMEA7041251,27.0
SAMEA7041168,54.0
SAMEA7045121,63.0
SAMEA7045198,64.0
SAMEA7045772,45.0
SAMEA7045372,56.0
SAMEA7045472,23.0
SAMEA7045837,54.0
SAMEA7045923,47.0
SAMEA7045059,55.0
SAMEA7045343,32.0
SAMEA7045040,43.0
SAMEA7045003,50.0
SAMEA7045649,30.0
SAMEA7045400,54.0
SAMEA7041187,58.0
SAMEA7045725,63.0
SAMEA7041140,46.0
SAMEA7045149,23.0
SAMEA7045256,46.0
SAMEA7045768,54.0
SAMEA7045577,49.0
SAMEA7045879,41.0
SAMEA7045330,29.0
SAMEA7045876,46.0
SAMEA7041146,42.0
SAMEA7041254,42.0
SAMEA7045868,30.0
SAMEA4719806,40.0
SAMEA4719791,68.0
SAMEA4719786,48.0
SAMEA4719768,73.0
SAMEA4719787,46.0
SAMEA4719815,31.0
SAMEA4719813,43.0
SAMEA4719811,63.0
SAMEA4719799,50.0
SAMEA4719788,26.0
SAMEA4719777,65.0
SAMEA4719770,61.0
SAMEA4719765,36.0
SAMEA4719778,58.0
SAMEA4719790,43.0
SAMEA4719783,75.0
SAMEA4719779,78.0
SAMEA4719764,53.0
SAMEA4719803,50.0
SAMEA4719801,59.0
SAMEA4719809,70.0
SAMEA4719785,29.0
SAMEA4719789,63.0
SAMEA4719771,30.0
SAMEA4719804,62.0
SAMEA4719775,49.0
SAMEA4719774,67.0
SAMEA4719812,54.0
SAMEA4719769,31.0
SAMEA4719794,29.0
SAMEA4719802,63.0
SAMEA4719784,54.0
SAMEA4719796,45.0
SAMEA4719800,40.0
SAMEA4719807,68.0
SAMEA4719773,30.0
SAMEA4719781,36.0
SAMN09781695,29.0
SAMN09781729,58.0
SAMN09781761,29.0
SAMN09781776,36.0
SAMN09781754,35.0
SAMN09781696,22.0
SAMN09781706,50.0
SAMN09781760,21.0
SAMN09781740,44.0
SAMN09781710,31.0
SAMN09781691,35.0
SAMN09781737,25.0
SAMN09781701,36.0
SAMN09781739,36.0
SAMN09781783,72.0
SAMN09781770,46.0
SAMN09781742,33.0
SAMN09781745,52.0
SAMN09781771,52.0
SAMN09781787,24.0
SAMN09781719,32.0
SAMN09781708,30.0
SAMN09781790,21.0
SAMN09781779,28.0
SAMN09781733,43.0
SAMN09781686,37.0
SAMN09781756,26.0
SAMN09781720,22.0
SAMN09781788,25.0
SAMN09781715,55.0
SAMN09781785,34.0
SAMN09781700,24.0
SAMN09781716,42.0
SAMN09781717,50.0
SAMN09781757,46.0
SAMN09781782,23.0
SAMN09781781,28.0
SAMN09781685,46.0
SAMN09781747,37.0
SAMN09781718,35.0
SAMN09781753,21.0
SAMN09781703,39.0
SAMN09781775,29.0
SAMN09781727,26.0
SAMN09781688,22.0
SAMN09781769,46.0
SAMN09781721,37.0
SAMN09781726,26.0
SAMN09781752,26.0
SAMN09781764,51.0
SAMN09781762,21.0
SAMN09781743,52.0
SAMN09781791,50.0
SAMN09781722,39.0
SAMN09781773,26.0
SAMN09781763,48.0
SAMN09781683,38.0
SAMN09781778,42.0
SAMN09781711,23.0
SAMN09781692,33.0
SAMN09781768,34.0
SAMN09781702,32.0
SAMN09781738,48.0
SAMN09781774,24.0
SAMN09781766,21.0
SAMN09781699,44.0
SAMN09781705,34.0
SAMN09781736,23.0
SAMN09781690,27.0
SAMN09781731,25.0
SAMN09781734,35.0
SAMN09781713,26.0
SAMN09781786,27.0
SAMN09781697,24.0
SAMN09781724,63.0
SAMN09781712,33.0
SAMN09781735,26.0
SAMN09781749,52.0
SAMN09781751,24.0
SAMN09781693,43.0
SAMN09781765,32.0
SAMN09781748,27.0
SAMN09781732,23.0
SAMN09781684,33.0
SAMN09781681,30.0
SAMN09781698,45.0
SAMN09781714,35.0
SAMN09781723,21.0
SAMN09781767,34.0
SAMN09781707,40.0
SAMN09781744,22.0
SAMN09781694,29.0
SAMN11252295,28.0
SAMN11252277,25.0
SAMN11252278,25.0
SAMN11252273,30.0
SAMN11252276,42.0
SAMN11252294,45.0
SAMN11252285,27.0
SAMN11252286,35.0
SAMN11252260,27.0
SAMN11252253,30.0
SAMN11252284,28.0
SAMN11252288,22.0
SAMN11252268,37.0
SAMN11252270,26.0
SAMN11252264,30.0
SAMN11252266,40.0
SAMN11252292,26.0
SAMN11252271,28.0
SAMN10407349,25.0
SAMN10407347,25.0
SAMN10407348,22.0
SAMN10407345,25.0
SAMN10407346,27.0
SAMN17486424,59.0
SAMN17486269,70.0
SAMN17486163,67.0
SAMN17486124,70.0
SAMN17486133,50.0
SAMN17486058,71.0
SAMN17486385,56.0
SAMN17486438,51.0
SAMN17486117,69.0
SAMN17486339,61.0
SAMN17486166,52.0
SAMN17486168,54.0
SAMN17486271,72.0
SAMN17486437,62.0
SAMN17486142,56.0
SAMN17486111,81.0
SAMN17486039,54.0
SAMN17486160,69.0
SAMN17486332,55.0
SAMN17486265,54.0
SAMN17486125,57.0
SAMN17486158,58.0
SAMN17486448,81.0
SAMN17486171,65.0
SAMN17486152,47.0
SAMN17486164,52.0
SAMN17486237,60.0
SAMN17486266,71.0
SAMN17486251,57.0
SAMN17486088,68.0
SAMN17486097,60.0
SAMN17486421,68.0
SAMN17486129,58.0
SAMN17486270,68.0
SAMN17486444,69.0
SAMN17486222,58.0
SAMN17486155,53.0
SAMN17486449,43.0
SAMN17486081,77.0
SAMN17486349,76.0
SAMN17486346,68.0
SAMN17486156,66.0
SAMN17250427,55.0
SAMN17250428,39.0
SAMN17250437,52.0
SAMN17250438,18.0
SAMN17250439,41.0
SAMN17250440,19.0
SAMN17250442,66.0
SAMN17250443,21.0
SAMN17250444,49.0
SAMN17250445,70.0
SAMN17250446,20.0
SAMN17250429,18.0
SAMN17250447,41.0
SAMN17250449,31.0
SAMN17250450,39.0
SAMN17250451,32.0
SAMN17250452,18.0
SAMN17250453,55.0
SAMN17250454,20.0
SAMN17250456,23.0
SAMN17250430,52.0
SAMN17250457,81.0
SAMN17250458,18.0
SAMN17250459,40.0
SAMN17250460,87.0
SAMN17250461,27.0
SAMN17250462,20.0
SAMN17250463,53.0
SAMN17250431,46.0
SAMN17250468,28.0
SAMN17250469,74.0
SAMN17250470,33.0
SAMN17250471,40.0
SAMN17250472,75.0
SAMN17250473,26.0
SAMN17250474,22.0
SAMN17250475,71.0
SAMN17250476,35.0
SAMN17250432,21.0
SAMN17250477,25.0
SAMN17250478,18.0
SAMN17250479,67.0
SAMN17250480,25.0
SAMN17250481,22.0
SAMN17250482,59.0
SAMN17250483,23.0
SAMN17250484,37.0
SAMN17250485,67.0
SAMN17250486,34.0
SAMN17250433,61.0
SAMN17250488,20.0
SAMN17250489,71.0
SAMN17250490,28.0
SAMN17250491,29.0
SAMN17250493,44.0
SAMN17250495,36.0
SAMN17250434,20.0
SAMN17250497,49.0
SAMN17250499,38.0
SAMN17250500,39.0
SAMN17250501,48.0
SAMN17250502,26.0
SAMN17250503,17.0
SAMN17250504,71.0
SAMN17250505,27.0
SAMN17250506,18.0
SAMN17250435,19.0
SAMN17250507,69.0
SAMN17250508,18.0
SAMN17250510,73.0
SAMN17250511,20.0
SAMN17250512,27.0
SAMN17250513,65.0
SAMN17250514,18.0
SAMN17250515,35.0
SAMN17171237,23.11293634
SAMN17171415,38.67761807
SAMN17171413,35.15400411
SAMN17171561,24.56673511
SAMN17171525,23.2881588
SAMN17171541,34.06160164
SAMN17171325,28.46543463
SAMN17171229,22.20944559
SAMN17171233,24.6954141
SAMN17171597,44.1
SAMN17171411,63.83025325
SAMN17171439,27.38398357
SAMN17171495,55.81382615
SAMN17171341,29.42094456
SAMN17171531,27.41957563
SAMN17171575,67.00342231
SAMN17171547,27.8329911
SAMN17171223,70.29431896
SAMN17171331,26.7761807
SAMN17171383,41.3744011
SAMN17171373,54.1026694
SAMN17171279,56.03285421
SAMN17171601,37.16632444
SAMN17171327,29.16084873
SAMN17171227,53.45653662
SAMN17171419,27.20054757
SAMN17171457,51.55099247
SAMN17171291,42.81451061
SAMN17171505,48.42162902
SAMN17171565,37.84804928
SAMN17171293,47.06091718
SAMN17171477,25.52498289
SAMN17171345,27.71800137
SAMN17171473,20.09
SAMN17171385,55.26899384
SAMN17171245,64.46543463
SAMN17171285,26.65297741
SAMN17171253,19.6386037
SAMN17171487,30.73511294
SAMN17171251,27.80835044
SAMN17171563,46.59548255
SAMN17171295,46.19575633
SAMN17171535,28.48186174
SAMN17171399,68.00273785
SAMN17171321,67.93155373
SAMN17171527,30.65
SAMN17171475,34.42299795
SAMN17171499,39.51813826
SAMN17171283,27.19233402
SAMN17171557,26.0698152
SAMN17171435,52.58863792
SAMN17171361,53.16906229
SAMN17171299,22.17659138
SAMN17171425,54.14647502
SAMN17171585,29.05
SAMN17171567,41.00752909
SAMN17171591,58.04243669
SAMN17171533,42.50239562
SAMN17171433,51.57563313
SAMN17171309,56.84873374
SAMN17171391,59.87953457
SAMN17171405,27.56468172
SAMN17171305,28.78576318
SAMN17171507,64.50924025
SAMN17171387,69.66461328
SAMN17171479,43.55646817
SAMN17171247,54.64476386
SAMN17171481,45.0
SAMN17171389,56.678987
SAMN17171315,39.86858316
SAMN17171545,56.39698836
SAMN17171235,43.26625599
SAMN17171397,50.35181383
SAMN17171587,61.56605065
SAMN17171335,67.4661191
SAMN17171509,31.29637235
SAMN17171423,59.59753593
SAMN17171307,67.25804244
SAMN17171503,56.99110198
SAMN17171343,32.76933607
SAMN17171539,64.61875428
SAMN17171231,52.53935661
SAMN17171571,38.71047228
SAMN17171407,60.87611225
SAMN17171577,34.90485969
SAMN17171265,28.3504449
SAMN17171401,64.62149213
SAMN17171257,63.46064339
SAMN17171543,32.72553046
SAMN17171485,49.63
SAMN17171471,49.77960301
SAMN17171287,30.31074606
SAMN17171417,29.75770021
SAMN17171347,50.44
SAMN17171313,57.09514031
SAMN17171369,23.29089665
SAMN17171403,64.57768652
SAMN17171243,63.4715948
SAMN17171427,28.81
SAMN17171281,50.84736482
SAMN17171319,68.40246407
SAMN17171551,58.06707734
SAMN17171593,65.89
SAMN17171555,57.98220397
SAMN17171483,22.49691992
SAMN17171429,49.42915811
SAMN17171275,81.61533196
SAMN17171357,69.83709788
SAMN17171529,44.57768652
SAMN17171517,67.39767283
SAMN17171239,55.45242984
SAMN17171523,32.42436687
SAMN17171273,49.86447639
SAMN17171255,34.02600958
SAMN17171351,67.75359343
SAMN17171569,50.65023956
SAMN17171455,45.77138946
SAMN17171225,55.51540041
SAMN17171463,60.58042437
SAMN17171367,65.92197125
SAMN17171489,41.48117728
SAMN17171461,58.07802875
SAMN17171353,59.89596167
SAMN17171521,23.09
SAMN17171249,55.23613963
SAMN17171297,26.87748118
SAMN17171333,62.6255989
SAMN17171447,56.47
SAMN07284982,30.0
SAMN07284961,48.0
SAMN07284964,40.0
SAMN07284967,55.0
SAMN07284968,35.0
SAMN07284969,32.0
SAMN07284986,35.0
SAMN07284985,40.0
SAMN07284983,49.0
SAMN07284952,40.0
SAMN07284951,35.0
SAMN07284956,40.0
SAMN07284958,55.0
SAMN07284959,49.0
SAMN07284979,48.0
SAMN07284978,33.0
SAMN16557108,61.0
SAMN16557080,65.0
SAMN16557042,54.0
SAMN16557031,62.0
SAMN16557039,64.0
SAMN16557101,67.0
SAMN16557048,61.0
SAMN16557069,67.0
SAMN16557081,60.0
SAMN16557046,60.0
SAMN16557073,60.0
SAMN16557085,55.0
SAMN16557096,57.0
SAMN16557065,69.0
SAMN16557090,68.0
SAMN16557029,69.0
SAMN16557057,61.0
SAMN16557040,61.0
SAMN16557093,62.0
SAMN16557051,66.0
SAMN16557068,63.0
SAMN16557054,61.0
SAMN16557103,59.0
SAMN16557078,64.0
SAMN16557037,58.0
SAMN16557106,66.0
SAMN16557025,63.0
SAMN16557067,60.0
SAMN16557107,65.0
SAMN16557050,60.0
SAMN16557027,65.0
SAMN16557033,62.0
SAMN16557047,59.0
SAMN16557082,58.0
SAMN16557089,64.0
